canonical_key,s2_paper_id,doi,title,year,venue,citation_count,n_panel_members,n_clusters,panel_members,clusters,abbott_corroborated,provenance_route,in_frozen_discovery,frozen_keep,discovery_match_method,in_frozen_retained,work_id,working_corpus_decision
doi:10.1016/j.cell.2018.06.019,315c4ceb18f156c42a8da823ef81dc6658694a8e,10.1016/j.cell.2018.06.019,A Complete Electron Microscopy Volume of the Brain of Adult Drosophila melanogaster,2017,bioRxiv,912,8,8,P1;P2;P3;P4;P5;P6;P7;P8,Cambridge-natverse / fly analysis;Columbia-Janelia / theory & NeuroAI;Crick-EMBL / cell-biology vEM;Harvard-Pfister / visualization & infrastructure;Janelia-FlyEM / fly datasets;MPI-Frankfurt / mammalian cortex;Outside-field / emulation & alternative modalities;Princeton-Seung / reconstruction,True,panel-convergence (b),True,True,s2_id,True,work_8cba212f6e7b83ad,core_relevant
doi:10.1098/rstb.1986.0056,62d36f23580ae0c822ebc7de69ae603d85441bfc,10.1098/rstb.1986.0056,The structure of the nervous system of the nematode Caenorhabditis elegans.,1986,"Philosophical transactions of the Royal Society of London. Series B, Biological sciences",5857,6,6,P1;P2;P3;P4;P7;P8,Columbia-Janelia / theory & NeuroAI;Crick-EMBL / cell-biology vEM;Janelia-FlyEM / fly datasets;MPI-Frankfurt / mammalian cortex;Outside-field / emulation & alternative modalities;Princeton-Seung / reconstruction,True,panel-convergence (b),True,False,s2_id,False,work_39c260e37ed45039,core_relevant
doi:10.1371/journal.pbio.0020329,60a3f1875699fba060c126e88df9ad30e599a0b8,10.1371/journal.pbio.0020329,Serial Block-Face Scanning Electron Microscopy to Reconstruct Three-Dimensional Tissue Nanostructure,2004,PLoS Biology,1627,5,5,P1;P2;P3;P4;P6,Crick-EMBL / cell-biology vEM;Harvard-Pfister / visualization & infrastructure;Janelia-FlyEM / fly datasets;MPI-Frankfurt / mammalian cortex;Princeton-Seung / reconstruction,False,panel-convergence (b),True,False,s2_id,False,work_21c10d8f3b695a0c,core_relevant
doi:10.1016/j.cell.2015.06.054,37288fe76a864233214b6a5e4cee29923e9c36b9,10.1016/j.cell.2015.06.054,Saturated Reconstruction of a Volume of Neocortex.,2015,Cell,1031,5,5,P1;P2;P3;P6;P7,Columbia-Janelia / theory & NeuroAI;Crick-EMBL / cell-biology vEM;Harvard-Pfister / visualization & infrastructure;MPI-Frankfurt / mammalian cortex;Princeton-Seung / reconstruction,False,panel-convergence (b),True,False,s2_id,False,work_ab4936e9fe95de49,core_relevant
doi:10.1523/jneurosci.3189-07.2008,f2a98fd312f3618d87cea4efb234301658e5c43a,10.1523/jneurosci.3189-07.2008,Serial Section Scanning Electron Microscopy of Adult Brain Tissue Using Focused Ion Beam Milling,2008,Journal of Neuroscience,685,5,5,P1;P2;P3;P4;P6,Crick-EMBL / cell-biology vEM;Harvard-Pfister / visualization & infrastructure;Janelia-FlyEM / fly datasets;MPI-Frankfurt / mammalian cortex;Princeton-Seung / reconstruction,False,panel-convergence (b),True,False,s2_id,False,,
doi:10.1038/s41592-019-0641-2,91ee7fa610c29c755bd15253b0c04cbc5e116900,10.1038/s41592-019-0641-2,Gas cluster ion beam SEM for imaging of large tissue samples with 10 nm isotropic resolution,2019,Nature Methods,63,5,5,P1;P2;P5;P6;P8,Cambridge-natverse / fly analysis;Crick-EMBL / cell-biology vEM;Harvard-Pfister / visualization & infrastructure;MPI-Frankfurt / mammalian cortex;Outside-field / emulation & alternative modalities,False,panel-convergence (b),True,False,s2_id,False,,
doi:10.7554/elife.57443,485fe26cdf8b1ad829b8601986fe4295ac360a52,10.7554/elife.57443,A connectome and analysis of the adult Drosophila central brain,2020,bioRxiv,901,4,4,P1;P2;P5;P6,Cambridge-natverse / fly analysis;Crick-EMBL / cell-biology vEM;Harvard-Pfister / visualization & infrastructure;MPI-Frankfurt / mammalian cortex,False,panel-convergence (b),True,True,s2_id,True,work_7773a3cd24b3497d,core_relevant
doi:10.1038/nature09802,124dabf0da002ec1aa44eabd3885cd80873d304c,10.1038/nature09802,Network anatomy and in vivo physiology of visual cortical neurons,2011,Nature,889,4,4,P1;P2;P6;P7,Columbia-Janelia / theory & NeuroAI;Crick-EMBL / cell-biology vEM;Harvard-Pfister / visualization & infrastructure;MPI-Frankfurt / mammalian cortex,False,panel-convergence (b),True,True,s2_id,True,work_7afda5ab9166c6fb,core_relevant
doi:10.1038/s41586-019-1352-7,d0104c7b30247de2aa4c680b7b5ed399de0cf32f,10.1038/s41586-019-1352-7,Whole-animal connectomes of both Caenorhabditis elegans sexes,2019,Nature,806,4,4,P1;P5;P7;P8,Cambridge-natverse / fly analysis;Columbia-Janelia / theory & NeuroAI;MPI-Frankfurt / mammalian cortex;Outside-field / emulation & alternative modalities,False,panel-convergence (b),True,True,s2_id,True,work_cfa0e3eb48787eff,core_relevant
doi:10.1038/nature12450,421c04ed63e6deaadc4f5ae35eb1b64fdf005e5d,10.1038/nature12450,A visual motion detection circuit suggested by Drosophila connectomics,2013,Nature,695,4,4,P1;P3;P4;P7,Columbia-Janelia / theory & NeuroAI;Janelia-FlyEM / fly datasets;MPI-Frankfurt / mammalian cortex;Princeton-Seung / reconstruction,False,panel-convergence (b),True,True,s2_id,True,work_087e18b9051261d3,core_relevant
doi:10.1038/nature13240,0bd0fe8691ed2bbaa5c19b24b301d32c41f2b7d1,10.1038/nature13240,Space-time wiring specificity supports direction selectivity in the retina,2014,Nature,494,4,4,P1;P2;P3;P7,Columbia-Janelia / theory & NeuroAI;Crick-EMBL / cell-biology vEM;MPI-Frankfurt / mammalian cortex;Princeton-Seung / reconstruction,False,panel-convergence (b),True,False,s2_id,False,work_a83752a657d4ec4e,core_relevant
doi:10.1038/nature14297,31a8e371df3c0f236b5796142e7fefd69de67164,10.1038/nature14297,A multilevel multimodal circuit enhances action selection in Drosophila,2015,Nature,430,4,4,P2;P4;P5;P7,Cambridge-natverse / fly analysis;Columbia-Janelia / theory & NeuroAI;Crick-EMBL / cell-biology vEM;Janelia-FlyEM / fly datasets,False,panel-convergence (b),True,False,s2_id,False,,
doi:10.1038/s41592-018-0049-4,7cfc1e85392d4007a90ecd05b7a0318252041c3c,10.1038/s41592-018-0049-4,High-precision automated reconstruction of neurons with flood-filling networks,2017,Nature Methods,382,4,4,P1;P2;P3;P6,Crick-EMBL / cell-biology vEM;Harvard-Pfister / visualization & infrastructure;MPI-Frankfurt / mammalian cortex;Princeton-Seung / reconstruction,False,panel-convergence (b),True,False,s2_id,False,work_7b437ce3ba4d27c5,core_relevant
doi:10.1016/j.conb.2011.10.022,989ede2d7923c453cb77ecae30fb56d6b53ba16b,10.1016/j.conb.2011.10.022,Volume electron microscopy for neuronal circuit reconstruction.,2012,Current Opinion in Neurobiology,359,4,4,P1;P6;P7;P8,Columbia-Janelia / theory & NeuroAI;Harvard-Pfister / visualization & infrastructure;MPI-Frankfurt / mammalian cortex;Outside-field / emulation & alternative modalities,False,panel-convergence (b),True,True,s2_id,True,work_d2df514fdb3df8f0,adjacent_relevant
doi:10.1038/s41592-021-01330-0,3149671f907078eac6835a05a99da756c493a15b,10.1038/s41592-021-01330-0,FlyWire: Online community for whole-brain connectomics,2020,Nature Methods,242,4,4,P1;P2;P5;P6,Cambridge-natverse / fly analysis;Crick-EMBL / cell-biology vEM;Harvard-Pfister / visualization & infrastructure;MPI-Frankfurt / mammalian cortex,False,panel-convergence (b),True,True,s2_id,True,work_241b54c819ff405b,core_relevant
doi:10.1111/jmi.12224,dd8622231b97aa0fbf78a116618bebad57b0d10d,10.1111/jmi.12224,"High-resolution, high-throughput imaging with a multibeam scanning electron microscope",2015,Journal of Microscopy,211,4,4,P1;P2;P3;P6,Crick-EMBL / cell-biology vEM;Harvard-Pfister / visualization & infrastructure;MPI-Frankfurt / mammalian cortex;Princeton-Seung / reconstruction,False,panel-convergence (b),True,False,s2_id,False,,
doi:10.1038/nmeth.3292,9d30f95e9db046d88eea72e6ec9b646137cb6577,10.1038/nmeth.3292,Ultrastructurally-smooth thick partitioning and volume stitching for larger-scale connectomics,2015,Nature Methods,148,4,4,P1;P2;P4;P6,Crick-EMBL / cell-biology vEM;Harvard-Pfister / visualization & infrastructure;Janelia-FlyEM / fly datasets;MPI-Frankfurt / mammalian cortex,False,panel-convergence (b),True,True,s2_id,True,work_c295eac10773de92,core_relevant
doi:10.1038/s41467-020-18659-3,6877a7c38178a1737a765e1878bd04d296cb7b23,10.1038/s41467-020-18659-3,A petascale automated imaging pipeline for mapping neuronal circuits with high-throughput transmission electron microscopy,2019,Nature Communications,133,4,4,P1;P2;P6;P8,Crick-EMBL / cell-biology vEM;Harvard-Pfister / visualization & infrastructure;MPI-Frankfurt / mammalian cortex;Outside-field / emulation & alternative modalities,False,panel-convergence (b),True,True,s2_id,True,work_8fd725d2118803e2,core_relevant
doi:10.1038/s41592-021-01183-7,db2ef6663337acd922350c2f2145d4e1039c4199,10.1038/s41592-021-01183-7,Automatic Detection of Synaptic Partners in a Whole-Brain Drosophila EM Dataset,2021,Nature Methods,123,4,4,P1;P2;P5;P6,Cambridge-natverse / fly analysis;Crick-EMBL / cell-biology vEM;Harvard-Pfister / visualization & infrastructure;MPI-Frankfurt / mammalian cortex,False,panel-convergence (b),True,False,s2_id,False,,
doi:10.1038/nature12346,322384d2e32e306bcbbbbf372ca524ddb7fc78f6,10.1038/nature12346,Connectomic reconstruction of the inner plexiform layer in the mouse retina,2013,Nature,988,3,3,P1;P3;P7,Columbia-Janelia / theory & NeuroAI;MPI-Frankfurt / mammalian cortex;Princeton-Seung / reconstruction,False,panel-convergence (b),True,False,s2_id,False,work_5c2378945eccb27f,core_relevant
doi:10.1038/nature09818,039d865a90fd00ab4ed62e70b625c51496fa76cb,10.1038/nature09818,Wiring specificity in the direction-selectivity circuit of the retina,2011,Nature,833,3,3,P1;P2;P7,Columbia-Janelia / theory & NeuroAI;Crick-EMBL / cell-biology vEM;MPI-Frankfurt / mammalian cortex,False,panel-convergence (b),True,False,s2_id,False,work_3cf844f488b27a48,core_relevant
doi:10.1038/nature17192,ab2c027849e38411a28092436ae6a44a22c5ad9d,10.1038/nature17192,Anatomy and function of an excitatory network in the visual cortex,2016,Nature,487,3,3,P1;P3;P7,Columbia-Janelia / theory & NeuroAI;MPI-Frankfurt / mammalian cortex;Princeton-Seung / reconstruction,False,panel-convergence (b),True,True,s2_id,True,work_7ee1f288ebd5d281,core_relevant
doi:10.1038/s41592-018-0219-4,acb8546133cbd487fd491c5b99c357271716791b,10.1038/s41592-018-0219-4,Expansion Microscopy: Principles and Uses in Biological Research,2018,Nature Methods,428,3,3,P1;P6;P8,Harvard-Pfister / visualization & infrastructure;MPI-Frankfurt / mammalian cortex;Outside-field / emulation & alternative modalities,False,panel-convergence (b),True,False,s2_id,False,,
doi:10.1038/s41586-021-03778-8,128c27d32bfd7faea76109017002a70045429d60,10.1038/s41586-021-03778-8,Connectomes across development reveal principles of brain maturation,2021,Nature,395,3,3,P1;P2;P5,Cambridge-natverse / fly analysis;Crick-EMBL / cell-biology vEM;MPI-Frankfurt / mammalian cortex,False,panel-convergence (b),True,True,s2_id,True,work_564cb966947b22a2,
doi:10.7554/elife.25916,0469e73159d9102c31036c1eb6a9b22ae2ed7021,10.7554/elife.25916,Enhanced FIB-SEM systems for large-volume 3D imaging,2017,eLife,364,3,3,P1;P2;P3,Crick-EMBL / cell-biology vEM;MPI-Frankfurt / mammalian cortex;Princeton-Seung / reconstruction,False,panel-convergence (b),True,True,s2_id,True,work_1d87c152cf48058c,core_relevant
doi:10.1038/nature22356,11ca3ff94c9bcf81f510128b07185c2f4600444b,10.1038/nature22356,Whole-brain serial-section electron microscopy in larval zebrafish,2017,Nature,331,3,3,P1;P2;P7,Columbia-Janelia / theory & NeuroAI;Crick-EMBL / cell-biology vEM;MPI-Frankfurt / mammalian cortex,True,panel-convergence (b),True,False,s2_id,False,,
doi:10.1038/nmeth.2072,76ccb42d7b6c5bda30e818d2e1d307754e60be79,10.1038/nmeth.2072,Elastic volume reconstruction from series of ultra-thin microscopy sections,2012,Nature Methods,313,3,3,P1;P3;P6,Harvard-Pfister / visualization & infrastructure;MPI-Frankfurt / mammalian cortex;Princeton-Seung / reconstruction,False,panel-convergence (b),True,False,s2_id,False,,
doi:10.1126/science.aay3134,d28cc341a8d13a5551d7af368748c24f84a877eb,10.1126/science.aay3134,Dense connectomic reconstruction in layer 4 of the somatosensory cortex,2018,Science,307,3,3,P1;P2;P8,Crick-EMBL / cell-biology vEM;MPI-Frankfurt / mammalian cortex;Outside-field / emulation & alternative modalities,False,panel-convergence (b),True,True,s2_id,True,work_c6b4755fa98e0894,core_relevant
doi:10.3389/fncir.2014.00068,a6e08d9a818395c8901c607fd5cfdb6829aaa428,10.3389/fncir.2014.00068,Imaging ATUM ultrathin section libraries with WaferMapper: a multi-scale approach to EM reconstruction of neural circuits,2014,Front. Neural Circuits,271,3,3,P2;P4;P6,Crick-EMBL / cell-biology vEM;Harvard-Pfister / visualization & infrastructure;Janelia-FlyEM / fly datasets,False,panel-convergence (b),True,False,s2_id,False,,
doi:10.7554/elife.16962,caa40f9bf1c54b8b5e1f19227729a8b563a2278b,10.7554/elife.16962,The CNS connectome of a tadpole larva of Ciona intestinalis (L.) highlights sidedness in the brain of a chordate sibling,2016,eLife,246,3,3,P2;P4;P7,Columbia-Janelia / theory & NeuroAI;Crick-EMBL / cell-biology vEM;Janelia-FlyEM / fly datasets,False,panel-convergence (b),True,True,s2_id,True,work_796386b4ebec693b,core_relevant
doi:10.7554/elife.24394,203ad16a3b5b6cecdca066bcbc0cdb3a9d4be92f,10.7554/elife.24394,The comprehensive connectome of a neural substrate for ‘ON’ motion detection in Drosophila,2017,eLife,184,3,3,P1;P4;P7,Columbia-Janelia / theory & NeuroAI;Janelia-FlyEM / fly datasets;MPI-Frankfurt / mammalian cortex,False,panel-convergence (b),True,True,s2_id,True,work_872019d711145384,core_relevant
doi:10.1038/nmeth.4331,11473c935b2e09f8c209a9c95b227bdb81e59ccd,10.1038/nmeth.4331,webKnossos: efficient online 3D data annotation for connectomics,2017,Nature Methods,181,3,3,P1;P2;P6,Crick-EMBL / cell-biology vEM;Harvard-Pfister / visualization & infrastructure;MPI-Frankfurt / mammalian cortex,False,panel-convergence (b),True,False,s2_id,False,work_7c9431dcfcc3ff31,core_relevant
doi:10.1038/s41593-020-0704-9,ce24618653df6a93acea27e497371bec6768faad,10.1038/s41593-020-0704-9,Dense neuronal reconstruction through X-ray holographic nano-tomography,2020,Nature Neuroscience,159,3,3,P1;P2;P8,Crick-EMBL / cell-biology vEM;MPI-Frankfurt / mammalian cortex;Outside-field / emulation & alternative modalities,False,panel-convergence (b),True,False,s2_id,False,,
doi:10.1038/nmeth.4206,dafd411280926dcdfb0a6a362a5559158bd10177,10.1038/nmeth.4206,Automated synaptic connectivity inference for volume electron microscopy,2017,Nature Methods,138,3,3,P1;P3;P6,Harvard-Pfister / visualization & infrastructure;MPI-Frankfurt / mammalian cortex;Princeton-Seung / reconstruction,False,panel-convergence (b),True,True,s2_id,True,work_6c16ccac03d903e6,core_relevant
doi:10.1016/j.media.2015.02.001,890d4725fa6e63806e76e89b93c6d0d6429a0d6b,10.1016/j.media.2015.02.001,Large-Scale Automatic Reconstruction of Neuronal Processes from Electron Microscopy Images,2013,Medical Image Anal.,138,3,3,P2;P3;P6,Crick-EMBL / cell-biology vEM;Harvard-Pfister / visualization & infrastructure;Princeton-Seung / reconstruction,False,panel-convergence (b),True,False,s2_id,False,work_975468f3186a2d44,core_relevant
doi:10.7554/elife.02730,499281f8e016cd81f8af84fdbe753444b48bb69e,10.7554/elife.02730,Neuronal connectome of a sensory-motor circuit for visual navigation,2014,eLife,106,3,3,P1;P4;P7,Columbia-Janelia / theory & NeuroAI;Janelia-FlyEM / fly datasets;MPI-Frankfurt / mammalian cortex,False,panel-convergence (b),True,True,s2_id,True,work_ddf7c8ffd5f4396b,core_relevant
doi:10.1007/978-3-030-00934-2_36,2aa115998c079f0557c07b3f134105da32074f43,10.1007/978-3-030-00934-2_36,Synaptic Cleft Segmentation in Non-Isotropic Volume Electron Microscopy of the Complete Drosophila Brain,2018,International Conference on Medical Image Computing and Computer-Assisted Intervention,104,3,3,P2;P3;P5,Cambridge-natverse / fly analysis;Crick-EMBL / cell-biology vEM;Princeton-Seung / reconstruction,False,panel-convergence (b),True,True,s2_id,True,work_d9d49941f0fd1f60,core_relevant
doi:10.7554/elife.08069,a5a66b9ed0970fd612007605192059d3a646da14,10.7554/elife.08069,Inter-individual stereotypy of the Platynereis larval visual connectome,2015,eLife,46,3,3,P1;P2;P4,Crick-EMBL / cell-biology vEM;Janelia-FlyEM / fly datasets;MPI-Frankfurt / mammalian cortex,False,panel-convergence (b),True,True,s2_id,True,work_7fe8ac21d730c5c5,core_relevant
doi:10.1038/nature23455,,10.1038/nature23455,The complete connectome of a learning and memory centre in an insect brain,2017,Nature,,3,3,P1;P4;P7,Columbia-Janelia / theory & NeuroAI;Janelia-FlyEM / fly datasets;MPI-Frankfurt / mammalian cortex,True,panel-convergence (b),True,True,title,False,,
doi:10.1023/b:visi.0000029664.99615.94,8c04f169203f9e55056a6f7f956695babe622a38,10.1023/b:visi.0000029664.99615.94,Distinctive Image Features from Scale-Invariant Keypoints,2004,International Journal of Computer Vision,50445,2,2,P2;P6,Crick-EMBL / cell-biology vEM;Harvard-Pfister / visualization & infrastructure,False,panel-convergence (b),True,False,s2_id,False,,
doi:10.1126/science.298.5594.824,894b7897dc2143c5e8db666766cf59637a7c7b82,10.1126/science.298.5594.824,Network motifs: simple building blocks of complex networks.,2002,Science,7523,2,2,P4;P7,Columbia-Janelia / theory & NeuroAI;Janelia-FlyEM / fly datasets,False,panel-convergence (b),True,False,s2_id,False,,
doi:10.1371/journal.pcbi.0010042,203d7329be92494f795038f7c43a0442e8a76f3a,10.1371/journal.pcbi.0010042,The Human Connectome: A Structural Description of the Human Brain,2005,PLoS Comput. Biol.,3308,2,2,P1;P6,Harvard-Pfister / visualization & infrastructure;MPI-Frankfurt / mammalian cortex,False,panel-convergence (b),True,True,s2_id,True,work_186acb8763d28840,adjacent_relevant
doi:10.1038/s41592-019-0582-9,5d433da6d0f143f20936379910104d2bb139d4ae,10.1038/s41592-019-0582-9,ilastik: interactive machine learning for (bio)image analysis,2019,Nature Methods,2994,2,2,P2;P6,Crick-EMBL / cell-biology vEM;Harvard-Pfister / visualization & infrastructure,False,panel-convergence (b),True,False,s2_id,False,,
doi:10.1371/journal.pbio.0030068,eb59aba6afc5e8eaaf2c16b2664e6024962d8107,10.1371/journal.pbio.0030068,Highly Nonrandom Features of Synaptic Connectivity in Local Cortical Circuits,2005,PLoS Biology,1605,2,2,P6;P7,Columbia-Janelia / theory & NeuroAI;Harvard-Pfister / visualization & infrastructure,False,panel-convergence (b),True,True,s2_id,True,work_fd6353a8d1e9547e,adjacent_relevant
doi:10.1371/journal.pone.0038011,327b33d038e3422d89e6ee64e841a6bc70308ca9,10.1371/journal.pone.0038011,TrakEM2 Software for Neural Circuit Reconstruction,2012,PLoS ONE,976,2,2,P2;P6,Crick-EMBL / cell-biology vEM;Harvard-Pfister / visualization & infrastructure,False,panel-convergence (b),True,True,s2_id,True,work_bb4463044f5b072c,core_relevant
doi:10.1016/j.neuron.2007.06.014,2bf96eaf6be72b18a1a16aee98e735dc78345ad7,10.1016/j.neuron.2007.06.014,Array tomography: a new tool for imaging the molecular architecture and ultrastructure of neural circuits.,2007,Neuron,808,2,2,P1;P2,Crick-EMBL / cell-biology vEM;MPI-Frankfurt / mammalian cortex,False,panel-convergence (b),True,False,s2_id,False,,
doi:10.1111/j.1365-2818.2005.01466.x,3d7173583b5e5bbcd06dc70dd66464f9f95604f4,10.1111/j.1365-2818.2005.01466.x,Reconstruct: a free editor for serial section microscopy,2005,Journal of Microscopy,796,2,2,P2;P6,Crick-EMBL / cell-biology vEM;Harvard-Pfister / visualization & infrastructure,False,panel-convergence (b),True,False,s2_id,False,,
doi:10.1016/j.cub.2010.11.056,91d9d1f6afebace9fc9cf24c821c28a1b24b3c11,10.1016/j.cub.2010.11.056,Three-dimensional reconstruction of brain-wide wiring networks in Drosophila at single-cell resolution.,2011,Current Biology,732,2,2,P4;P5,Cambridge-natverse / fly analysis;Janelia-FlyEM / fly datasets,False,panel-convergence (b),True,False,s2_id,False,,
doi:10.1162/neco.2009.10-08-881,feacb4cf21eaf068197f80b164827db888ddd28d,10.1162/neco.2009.10-08-881,Convolutional Networks Can Learn to Generate Affinity Graphs for Image Segmentation,2010,Neural Computation,408,2,2,P1;P3,MPI-Frankfurt / mammalian cortex;Princeton-Seung / reconstruction,False,panel-convergence (b),True,False,s2_id,False,,
doi:10.1126/science.1209168,6453adf73e02bccf16e6478936f42a76c418ab02,10.1126/science.1209168,The Big and the Small: Challenges of Imaging the Brain’s Circuits,2011,Science,399,2,2,P1;P6,Harvard-Pfister / visualization & infrastructure;MPI-Frankfurt / mammalian cortex,False,panel-convergence (b),True,False,s2_id,False,,
doi:10.1038/s41586-025-08790-w,6f6b4737b2558267d481a564923bff29e00d3236,10.1038/s41586-025-08790-w,Functional connectomics spanning multiple areas of mouse visual cortex,2021,bioRxiv,394,2,2,P1;P2,Crick-EMBL / cell-biology vEM;MPI-Frankfurt / mammalian cortex,False,panel-convergence (b),True,True,s2_id,True,work_ee5b7f908c56d881,core_relevant
doi:10.1126/science.add9330,0910cb7d82c4b4f0212b06ea14e1fe5637970289,10.1126/science.add9330,The connectome of an insect brain,2022,bioRxiv,359,2,2,P1;P8,MPI-Frankfurt / mammalian cortex;Outside-field / emulation & alternative modalities,False,panel-convergence (b),True,True,s2_id,True,work_2f968b5df6b0dd3d,core_relevant
doi:10.7554/elife.05793,7cea0b0f941a23df7a26cfd5315650c1e018f4a7,10.7554/elife.05793,Ultrastructural analysis of adult mouse neocortex comparing aldehyde perfusion with cryo fixation,2015,eLife,357,2,2,P1;P2,Crick-EMBL / cell-biology vEM;MPI-Frankfurt / mammalian cortex,False,panel-convergence (b),True,False,s2_id,False,,
doi:10.1093/bioinformatics/btp266,b4f9fe7365d106c82f6333cc4c4f37722642f977,10.1093/bioinformatics/btp266,CATMAID: collaborative annotation toolkit for massive amounts of image data,2009,Bioinform.,357,2,2,P2;P6,Crick-EMBL / cell-biology vEM;Harvard-Pfister / visualization & infrastructure,False,panel-convergence (b),True,False,s2_id,False,work_27fb2a0d9d1c342f,role_bridge
doi:10.7554/elife.26975,8e453cde20bc1cc3486f43b46b6fbab93cda9959,10.7554/elife.26975,A connectome of a learning and memory center in the adult Drosophila brain,2017,eLife,353,2,2,P4;P7,Columbia-Janelia / theory & NeuroAI;Janelia-FlyEM / fly datasets,False,panel-convergence (b),True,True,s2_id,True,work_434673087d1709d7,core_relevant
doi:10.1083/jcb.30.2.424,6a5478b8474a1f20b2b516b6cdfc4082d3f27c7d,10.1083/jcb.30.2.424,A NEW STAINING METHOD (OTO) FOR ENHANCING CONTRAST OF LIPID-CONTAINING MEMBRANES AND DROPLETS IN OSMIUM TETROXIDE-FIXED TISSUE WITH OSMIOPHILIC THIOCARBOHYDRAZIDE (TCH),1966,Journal of Cell Biology,317,2,2,P1;P2,Crick-EMBL / cell-biology vEM;MPI-Frankfurt / mammalian cortex,False,panel-convergence (b),True,False,s2_id,False,,
doi:10.1016/j.cub.2010.07.045,b3032acc308e10996fcca83b65190576679d019e,10.1016/j.cub.2010.07.045,Sexual Dimorphism in the Fly Brain,2010,Current Biology,310,2,2,P4;P5,Cambridge-natverse / fly analysis;Janelia-FlyEM / fly datasets,False,panel-convergence (b),True,False,s2_id,False,,
doi:10.1038/nmeth.2476,0506a27b573c83cfea9223835c2190b455ce66b6,10.1038/nmeth.2476,Cellular-resolution connectomics: challenges of dense neural circuit reconstruction,2013,Nature Methods,305,2,2,P1;P7,Columbia-Janelia / theory & NeuroAI;MPI-Frankfurt / mammalian cortex,False,panel-convergence (b),True,True,s2_id,True,work_2c6fe44c1be1c300,adjacent_relevant
doi:10.1016/j.neuron.2010.08.014,465ed99cfaaf819d9029c8e9f30f39e5b4d29d76,10.1016/j.neuron.2010.08.014,Ultrastructural analysis of hippocampal neuropil from the connectomics perspective,2010,Neuron,303,2,2,P3;P7,Columbia-Janelia / theory & NeuroAI;Princeton-Seung / reconstruction,False,panel-convergence (b),True,True,s2_id,True,work_5b4312b985894934,core_relevant
doi:10.1016/j.conb.2006.08.010,825dcff9cd6beac9ddec9bec57768ecc2b12f650,10.1016/j.conb.2006.08.010,Towards neural circuit reconstruction with volume electron microscopy techniques.,2006,Current Opinion in Neurobiology,298,2,2,P1;P2,Crick-EMBL / cell-biology vEM;MPI-Frankfurt / mammalian cortex,False,panel-convergence (b),True,True,s2_id,True,work_28c6a067561d25a1,adjacent_relevant
doi:10.1126/science.adk4858,9607425d85085511d5e7d081c81db113dc3dfed7,10.1126/science.adk4858,A petavoxel fragment of human cerebral cortex reconstructed at nanoscale resolution,2024,Science,295,2,2,P1;P8,MPI-Frankfurt / mammalian cortex;Outside-field / emulation & alternative modalities,False,panel-convergence (b),True,True,s2_id,True,work_1f5bc11fd70f625f,core_relevant
doi:10.1038/s41586-024-07686-5,cbda3f294aba542a22d19b9a9926d5318a27ea66,10.1038/s41586-024-07686-5,Whole-brain annotation and multi-connectome cell typing of Drosophila,2024,Nature,292,2,2,P1;P8,MPI-Frankfurt / mammalian cortex;Outside-field / emulation & alternative modalities,False,panel-convergence (b),True,False,s2_id,False,work_6f86d20c9bf6e84d,core_relevant
doi:10.1038/nn.2868,2781da92e831d09488c3e1f38ca6d783429a2eb2,10.1038/nn.2868,High-accuracy neurite reconstruction for high-throughput neuroanatomy,2011,Nature Neuroscience,291,2,2,P1;P2,Crick-EMBL / cell-biology vEM;MPI-Frankfurt / mammalian cortex,False,panel-convergence (b),True,False,s2_id,False,work_cf9199d8b0ccf668,core_relevant
doi:10.1038/nprot.2011.439,d1c39f2da164d381eb07117adc5f617d049769d9,10.1038/nprot.2011.439,High contrast en bloc staining of neuronal tissue for field emission scanning electron microscopy,2012,Nature Protocols,282,2,2,P2;P6,Crick-EMBL / cell-biology vEM;Harvard-Pfister / visualization & infrastructure,False,panel-convergence (b),True,False,s2_id,False,,
doi:10.7554/elife.10778,7d88b4c820a67fbeee3edef37e75ecc4d965fa34,10.7554/elife.10778,Nanoconnectomic upper bound on the variability of synaptic plasticity,2015,eLife,281,2,2,P1;P7,Columbia-Janelia / theory & NeuroAI;MPI-Frankfurt / mammalian cortex,False,panel-convergence (b),True,True,s2_id,True,work_5a150d031329b4d0,core_relevant
doi:10.1073/pnas.1509820112,c2ef12146174e15f9b57785ae925b319c784dc53,10.1073/pnas.1509820112,Synaptic circuits and their variations within different columns in the visual system of Drosophila,2015,Proceedings of the National Academy of Sciences of the United States of America,280,2,2,P3;P4,Janelia-FlyEM / fly datasets;Princeton-Seung / reconstruction,False,panel-convergence (b),True,False,s2_id,False,,
doi:10.3389/fcomp.2021.613981,62138449a50b40e0c72070052a1da06ade7fa0b9,10.3389/fcomp.2021.613981,FusionNet: A Deep Fully Residual Convolutional Neural Network for Image Segmentation in Connectomics,2016,Frontiers of Computer Science,274,2,2,P3;P6,Harvard-Pfister / visualization & infrastructure;Princeton-Seung / reconstruction,False,panel-convergence (b),True,True,s2_id,True,work_e38ce8eb753d5588,core_relevant
doi:10.1038/s41586-024-07558-y,8a6d8e170e052d6df5f09e0e7c7a026239b61492,10.1038/s41586-024-07558-y,Neuronal wiring diagram of an adult brain,2024,Nature,243,2,2,P1;P8,MPI-Frankfurt / mammalian cortex;Outside-field / emulation & alternative modalities,False,panel-convergence (b),True,True,s2_id,True,work_86ba4bfd64350171,core_relevant
doi:10.1101/2020.01.10.902478,33864c2a754f3db4a09e06d93ed02fc57ac54625,10.1101/2020.01.10.902478,Reconstruction of motor control circuits in adult Drosophila using automated transmission electron microscopy,2020,bioRxiv,240,2,2,P2;P5,Cambridge-natverse / fly analysis;Crick-EMBL / cell-biology vEM,False,panel-convergence (b),True,True,s2_id,True,work_e323a05fc48f61c0,core_relevant
doi:10.1109/tpami.2018.2835450,37680090f534ae1dfdc4e7312cf6de8d7b22177a,10.1109/tpami.2018.2835450,Large Scale Image Segmentation with Structured Loss Based Deep Learning for Connectome Reconstruction,2019,IEEE Transactions on Pattern Analysis and Machine Intelligence,226,2,2,P2;P3,Crick-EMBL / cell-biology vEM;Princeton-Seung / reconstruction,False,panel-convergence (b),True,True,s2_id,True,work_d552830c86eb491f,core_relevant
doi:10.1111/boc.201600024,074e806e3dc625e8eca70d3fd39cc839649217d1,10.1111/boc.201600024,Volume scanning electron microscopy for imaging biological ultrastructure,2016,Biology of the Cell,218,2,2,P2;P8,Crick-EMBL / cell-biology vEM;Outside-field / emulation & alternative modalities,False,panel-convergence (b),True,False,s2_id,False,,
doi:10.1101/2021.05.29.446289,d9fd508512c3315cd96a01230bb42a330c61b6d4,10.1101/2021.05.29.446289,A connectomic study of a petascale fragment of human cerebral cortex,2021,bioRxiv,217,2,2,P2;P8,Crick-EMBL / cell-biology vEM;Outside-field / emulation & alternative modalities,False,panel-convergence (b),True,True,s2_id,True,work_3cfb4552d0463ce3,core_relevant
doi:10.3389/fncir.2018.00088,fbf309595262bdadfebab64a5b868811716814b2,10.3389/fncir.2018.00088,VAST (Volume Annotation and Segmentation Tool): Efficient Manual and Semi-Automatic Labeling of Large 3D Image Stacks,2018,Front. Neural Circuits,203,2,2,P2;P6,Crick-EMBL / cell-biology vEM;Harvard-Pfister / visualization & infrastructure,False,panel-convergence (b),True,False,s2_id,False,work_f56a7ec87aa3e03a,core_relevant
doi:10.1017/s1431927606066268,47fd1bfbb5cd2bf1d1370d821246d9a6793e1add,10.1017/s1431927606066268,Automating the Collection of Ultrathin Serial Sections for Large Volume TEM Reconstructions,2006,Microscopy and Microanalysis,190,2,2,P1;P8,MPI-Frankfurt / mammalian cortex;Outside-field / emulation & alternative modalities,False,panel-convergence (b),True,False,s2_id,False,,
doi:10.1016/j.cell.2024.03.016,9b25841c04a8decfd3105cb8dfa59c4d1e3c4963,10.1016/j.cell.2024.03.016,Neurotransmitter classification from electron microscopy images at synaptic sites in Drosophila melanogaster,2020,bioRxiv,186,2,2,P1;P5,Cambridge-natverse / fly analysis;MPI-Frankfurt / mammalian cortex,False,panel-convergence (b),True,True,s2_id,True,work_b0ddf4ae8c7faf63,core_relevant
s2:52de2aed3ce3b6753ad87b0a6439d4e30406b54b,52de2aed3ce3b6753ad87b0a6439d4e30406b54b,,Exploring the retinal connectome,2011,Molecular Vision,184,2,2,P2;P3,Crick-EMBL / cell-biology vEM;Princeton-Seung / reconstruction,False,panel-convergence (b),True,True,s2_id,True,work_ad7b99d70c070146,core_relevant
doi:10.7554/elife.53350,4489babe5a698a0257b3f256776b3a302ba3fa25,10.7554/elife.53350,"The natverse, a versatile toolbox for combining and analysing neuroanatomical data",2020,eLife,173,2,2,P5;P6,Cambridge-natverse / fly analysis;Harvard-Pfister / visualization & infrastructure,False,panel-convergence (b),True,True,s2_id,True,work_e2f8e06c9049f5f3,role_bridge
doi:10.1038/nmeth.3361,01e0f69c4deb3e55b62fecd1fa135ee5836ecb33,10.1038/nmeth.3361,High-resolution whole-brain staining for electron microscopic circuit reconstruction,2015,Nature Methods,170,2,2,P1;P2,Crick-EMBL / cell-biology vEM;MPI-Frankfurt / mammalian cortex,False,panel-convergence (b),True,False,s2_id,False,,
doi:10.1371/journal.pone.0071715,ef4f4cadea21b4d6d7a4c82c251d879db34d35a5,10.1371/journal.pone.0071715,Machine Learning of Hierarchical Clustering to Segment 2D and 3D Images,2013,PLoS ONE,165,2,2,P3;P6,Harvard-Pfister / visualization & infrastructure;Princeton-Seung / reconstruction,False,panel-convergence (b),True,False,s2_id,False,,
doi:10.1177/32.4.6323574,c30a9cd23ef772a960a93e24d25d2be968bd2892,10.1177/32.4.6323574,The use of osmium-thiocarbohydrazide-osmium (OTO) and ferrocyanide-reduced osmium methods to enhance membrane contrast and preservation in cultured cells.,1984,Journal of Histochemistry and Cytochemistry,164,2,2,P1;P2,Crick-EMBL / cell-biology vEM;MPI-Frankfurt / mammalian cortex,False,panel-convergence (b),True,False,s2_id,False,,
doi:10.1016/j.cell.2012.12.013,14c3b0c7d897e1d603ecb660e74439246da97036,10.1016/j.cell.2012.12.013,System-wide rewiring underlies behavioral differences in predatory and bacterial-feeding nematodes.,2013,Cell,163,2,2,P1;P7,Columbia-Janelia / theory & NeuroAI;MPI-Frankfurt / mammalian cortex,False,panel-convergence (b),True,False,s2_id,False,,
doi:10.1038/s41592-018-0106-z,1eab84d51b484d0f79e611979916fa97086e869d,10.1038/s41592-018-0106-z,CDeep3M - Plug-and-Play cloud based deep learning for image segmentation,2018,Nature Methods,163,2,2,P2;P6,Crick-EMBL / cell-biology vEM;Harvard-Pfister / visualization & infrastructure,False,panel-convergence (b),True,False,s2_id,False,work_f8eabb08474bb993,adjacent_relevant
doi:10.1093/bioinformatics/btq219,f2cc3767b8192ebce924d6a89e2852a70e59781e,10.1093/bioinformatics/btq219,As-rigid-as-possible mosaicking and serial section registration of large ssTEM datasets,2010,Bioinform.,151,2,2,P2;P6,Crick-EMBL / cell-biology vEM;Harvard-Pfister / visualization & infrastructure,False,panel-convergence (b),True,True,s2_id,True,work_4785092574ee1f39,core_relevant
doi:10.1038/nmeth.2213,70eeb92d2c4f8b28de12a0afbbd0f86f1d294765,10.1038/nmeth.2213,Staining and embedding the whole mouse brain for electron microscopy,2012,Nature Methods,146,2,2,P1;P2,Crick-EMBL / cell-biology vEM;MPI-Frankfurt / mammalian cortex,False,panel-convergence (b),True,False,s2_id,False,,
doi:10.1016/j.neuron.2015.09.003,a7a61de8381e7ce36964a6c1c26da7a4273a9c09,10.1016/j.neuron.2015.09.003,SegEM: Efficient Image Analysis for High-Resolution Connectomics.,2015,Neuron,141,2,2,P2;P6,Crick-EMBL / cell-biology vEM;Harvard-Pfister / visualization & infrastructure,False,panel-convergence (b),True,False,s2_id,False,,
doi:10.1038/nature24005,96ff68cc9a06ebfe21f8f84f4bb79c7cb70df319,10.1038/nature24005,Axonal synapse sorting in medial entorhinal cortex,2017,Nature,130,2,2,P1;P8,MPI-Frankfurt / mammalian cortex;Outside-field / emulation & alternative modalities,False,panel-convergence (b),True,False,s2_id,False,,
doi:10.7554/elife.40025,389e8e508de8ab3b9bfa2f1adfcfedb2e143576c,10.7554/elife.40025,Comparisons between the ON- and OFF-edge motion pathways in the Drosophila brain,2019,eLife,125,2,2,P4;P7,Columbia-Janelia / theory & NeuroAI;Janelia-FlyEM / fly datasets,False,panel-convergence (b),True,True,s2_id,True,work_63ec5ea7fbf83d9e,core_relevant
doi:10.1016/j.conb.2018.04.030,81e0e13b58ff8c226470433ee113697a25b67763,10.1016/j.conb.2018.04.030,Progress and remaining challenges in high-throughput volume electron microscopy.,2018,Current Opinion in Neurobiology,114,2,2,P1;P3,MPI-Frankfurt / mammalian cortex;Princeton-Seung / reconstruction,False,panel-convergence (b),True,False,s2_id,False,,
doi:10.1093/bioinformatics/btx188,b33b5455d00d85fdb7198528df56099a1e3522b9,10.1093/bioinformatics/btx188,DeepEM3D: approaching human‐level performance on 3D anisotropic EM image segmentation,2017,Bioinform.,91,2,2,P3;P6,Harvard-Pfister / visualization & infrastructure;Princeton-Seung / reconstruction,False,panel-convergence (b),True,False,s2_id,False,,
doi:10.1038/s41593-019-0358-7,7d8d826b82e1ce9039cb44d21d943f1df0b5aaf4,10.1038/s41593-019-0358-7,Multiplexed peroxidase-based electron microscopy labeling enables simultaneous visualization of multiple cell types,2019,Nature Neuroscience,80,2,2,P1;P2,Crick-EMBL / cell-biology vEM;MPI-Frankfurt / mammalian cortex,False,panel-convergence (b),True,False,s2_id,False,work_c5d4203ffdbb350d,adjacent_relevant
doi:10.1007/978-3-319-67558-9_29,685d11d7cd32cc6ee2ae885987b0e9d9edc074e3,10.1007/978-3-319-67558-9_29,ssEMnet: Serial-Section Electron Microscopy Image Registration Using a Spatial Transformer Network with Learned Features,2017,DLMIA/ML-CDS@MICCAI,65,2,2,P3;P6,Harvard-Pfister / visualization & infrastructure;Princeton-Seung / reconstruction,False,panel-convergence (b),True,False,s2_id,False,,
doi:10.7554/elife.26414,2734b3cd9e4529a594a2e1cb101c853b8163339a,10.7554/elife.26414,"SynEM, automated synapse detection for connectomics",2017,eLife,64,2,2,P1;P3,MPI-Frankfurt / mammalian cortex;Princeton-Seung / reconstruction,False,panel-convergence (b),True,True,s2_id,False,work_7f1202eef0e8289e,core_relevant
doi:10.1145/2484838.2484870,f4203b8036eab078fae9890b27af9a8f3df36cb7,10.1145/2484838.2484870,The Open Connectome Project Data Cluster: Scalable Analysis and Vision for High-Throughput Neuroscience,2013,International Conference on Statistical and Scientific Database Management,63,2,2,P3;P6,Harvard-Pfister / visualization & infrastructure;Princeton-Seung / reconstruction,False,panel-convergence (b),True,True,s2_id,True,work_da35586ff18e6e97,role_bridge
doi:10.3389/fncir.2018.00098,b63a19e8a17d05fe383bc0a245563f057b43d5cc,10.3389/fncir.2018.00098,Large Volume Electron Microscopy and Neural Microcircuit Analysis,2018,Front. Neural Circuits,62,2,2,P2;P8,Crick-EMBL / cell-biology vEM;Outside-field / emulation & alternative modalities,False,panel-convergence (b),True,False,s2_id,False,,
doi:10.3389/fncir.2018.00087,b850476ec09aaad28bbd9a8c7ba81bee716d594d,10.3389/fncir.2018.00087,Fully-Automatic Synapse Prediction and Validation on a Large Data Set,2016,Front. Neural Circuits,55,2,2,P3;P6,Harvard-Pfister / visualization & infrastructure;Princeton-Seung / reconstruction,False,panel-convergence (b),True,True,s2_id,True,work_ee4535711d4eeb37,core_relevant
doi:10.3389/fnana.2018.00112,f7ef9bed47c900e4874fa632d3c3b404c3d43a92,10.3389/fnana.2018.00112,Multi-Beam Scanning Electron Microscopy for High-Throughput Imaging in Connectomics Research,2018,Frontiers in Neuroanatomy,49,2,2,P6;P8,Harvard-Pfister / visualization & infrastructure;Outside-field / emulation & alternative modalities,False,panel-convergence (b),True,True,s2_id,True,work_de4d7cf37dfad297,adjacent_relevant
doi:10.1038/s41467-020-18422-8,3420c6577363d1b8fe2cb100767cc02e8905ab0f,10.1038/s41467-020-18422-8,Light microscopy based approach for mapping connectivity with molecular specificity,2020,Nature Communications,48,2,2,P6;P8,Harvard-Pfister / visualization & infrastructure;Outside-field / emulation & alternative modalities,False,panel-convergence (b),True,True,s2_id,True,work_e537b8e00c039417,adjacent_relevant
doi:10.1038/sdata.2016.100,8ea7972b8148b532890fcb4b85d4d69c9228c11c,10.1038/sdata.2016.100,3-dimensional electron microscopic imaging of the zebrafish olfactory bulb and dense reconstruction of neurons,2016,Scientific Data,37,2,2,P1;P2,Crick-EMBL / cell-biology vEM;MPI-Frankfurt / mammalian cortex,False,panel-convergence (b),True,True,s2_id,True,work_d3efc2c41f0790db,core_relevant
doi:10.1101/657346,bce4e480062ebcffa72382e16a119f58a2fd2c86,10.1101/657346,High-throughput transmission electron microscopy with automated serial sectioning,2019,bioRxiv,35,2,2,P2;P8,Crick-EMBL / cell-biology vEM;Outside-field / emulation & alternative modalities,False,panel-convergence (b),True,False,s2_id,False,,
doi:10.1038/s41592-024-02226-5,6a3cc42c98a6b36c649bb203ec54afd32167ef32,10.1038/s41592-024-02226-5,RoboEM: automated 3D flight tracing for synaptic-resolution connectomics,2022,bioRxiv,34,2,2,P1;P8,MPI-Frankfurt / mammalian cortex;Outside-field / emulation & alternative modalities,False,panel-convergence (b),True,True,s2_id,True,work_ab6b317a17285c28,core_relevant
doi:10.3389/fncir.2019.00005,566bb72c4fd6d47d32ac8736ad45412a0df52818,10.3389/fncir.2019.00005,DVID: Distributed Versioned Image-Oriented Dataservice,2019,Front. Neural Circuits,34,2,2,P3;P6,Harvard-Pfister / visualization & infrastructure;Princeton-Seung / reconstruction,False,panel-convergence (b),True,True,s2_id,True,work_9bc341caddd144e5,core_relevant
doi:10.1109/cvpr.2018.00971,1c074e80f80a16bd6fddf0e299fac36404731efb,10.1109/cvpr.2018.00971,Guided Proofreading of Automatic Segmentations for Connectomics,2017,2018 IEEE/CVF Conference on Computer Vision and Pattern Recognition,31,2,2,P3;P6,Harvard-Pfister / visualization & infrastructure;Princeton-Seung / reconstruction,False,panel-convergence (b),True,True,s2_id,True,work_afb5ff09ed0db00c,core_relevant
doi:10.1016/j.conb.2019.03.012,cad00239a8d43f36c05a94d9f19c54adf9b662e6,10.1016/j.conb.2019.03.012,"Big data in nanoscale connectomics, and the greed for training labels.",2019,Current Opinion in Neurobiology,26,2,2,P1;P8,MPI-Frankfurt / mammalian cortex;Outside-field / emulation & alternative modalities,False,panel-convergence (b),True,True,s2_id,True,work_20e028bfe929110a,core_relevant
doi:10.1038/s41592-025-02891-0,0e909676e9985edeca2fa931ae3f8255c0cf14ba,10.1038/s41592-025-02891-0,Nondestructive X-ray tomography of brain tissue ultrastructure,2024,bioRxiv,24,2,2,P1;P8,MPI-Frankfurt / mammalian cortex;Outside-field / emulation & alternative modalities,False,panel-convergence (b),True,False,s2_id,False,,
doi:10.3389/fncom.2017.00097,071be25263986cd55200cee27df8bdcdc409b931,10.3389/fncom.2017.00097,Feasibility of 3D Reconstruction of Neural Morphology Using Expansion Microscopy and Barcode-Guided Agglomeration,2017,Frontiers in Computational Neuroscience,23,2,2,P1;P8,MPI-Frankfurt / mammalian cortex;Outside-field / emulation & alternative modalities,False,panel-convergence (b),True,False,s2_id,False,,
doi:10.1038/s41592-023-01866-3,df70765cce2bae3c1ce529fb7cca3a05ae69483d,10.1038/s41592-023-01866-3,High-contrast en bloc staining of mouse whole-brain and human brain samples for EM-based connectomics,2023,Nature Methods,22,2,2,P1;P8,MPI-Frankfurt / mammalian cortex;Outside-field / emulation & alternative modalities,False,panel-convergence (b),True,False,s2_id,False,,
doi:10.7554/elife.45696,dbdd12988bc177a269e23265f3026c878f8bafbc,10.7554/elife.45696,"MagC, magnetic collection of ultrathin sections for volumetric correlative light and electron microscopy",2019,bioRxiv,21,2,2,P1;P2,Crick-EMBL / cell-biology vEM;MPI-Frankfurt / mammalian cortex,False,panel-convergence (b),True,False,s2_id,False,work_022f4537397531be,adjacent_relevant
s2:9ad9fea2cfad06df9cc2d1a17b648c84123185d6,9ad9fea2cfad06df9cc2d1a17b648c84123185d6,,Siamese Encoding and Alignment by Multiscale Learning with Self-Supervision,2019,arXiv.org,19,2,2,P2;P3,Crick-EMBL / cell-biology vEM;Princeton-Seung / reconstruction,False,panel-convergence (b),True,False,s2_id,False,,
doi:10.1101/852863,49b4c9471682b79fa721b0e1f4f56ef08283c0b9,10.1101/852863,Enabling FIB-SEM Systems for Large Volume Connectomics and Cell Biology,2019,bioRxiv,18,2,2,P5;P8,Cambridge-natverse / fly analysis;Outside-field / emulation & alternative modalities,False,panel-convergence (b),True,True,s2_id,True,work_990d7d6abfa17e5a,
doi:10.1101/2021.07.23.453511,37f36ca391c20a02b02c112fa1f289dd25477c42,10.1101/2021.07.23.453511,PatchPerPixMatch for Automated 3d Search of Neuronal Morphologies in Light Microscopy,2021,bioRxiv,9,2,2,P2;P5,Cambridge-natverse / fly analysis;Crick-EMBL / cell-biology vEM,False,panel-convergence (b),True,False,s2_id,False,,
doi:10.1016/j.cell.2019.07.042,,10.1016/j.cell.2019.07.042,"Reconstruction of 1,000 Projection Neurons Reveals New Cell Types and Organization of Long-Range Connectivity in the Mouse Brain",2019,Cell,,2,2,P1;P6,Harvard-Pfister / visualization & infrastructure;MPI-Frankfurt / mammalian cortex,True,panel-convergence (b),True,False,title,False,,
doi:10.1016/j.cell.2020.12.013,,10.1016/j.cell.2020.12.013,Reconstruction of motor control circuits in adult Drosophila using automated transmission electron microscopy,2021,Cell,,2,2,P1;P6,Harvard-Pfister / visualization & infrastructure;MPI-Frankfurt / mammalian cortex,False,panel-convergence (b),True,True,title,False,,
