work_id,doi,year,title,kind,status,retrieval_source,local_path,manual_retrieval_url,bytes,oa_url
work_3cf844f488b27a48,10.1038/nature09818,2011,Wiring specificity in the direction-selectivity circuit of the retina,corpus,no-oa-record,,,https://doi.org/10.1038/nature09818,0,https://doi.org/10.1038/nature09818
work_cf9199d8b0ccf668,10.1038/nn.2868,2011,High-accuracy neurite reconstruction for high-throughput neuroanatomy,corpus,oa-flagged-blocked,,,https://hal.science/hal-00658165,0,https://hal.science/hal-00658165
work_5c2378945eccb27f,10.1038/nature12346,2013,Connectomic reconstruction of the inner plexiform layer in the mouse retina,corpus,no-oa-record,,,https://doi.org/10.1038/nature12346,0,https://doi.org/10.1038/nature12346
work_452c63f080d3a726,10.1017/s1431927613003991,2013.0,Connectomics: The dense reconstruction of neuronal circuits using volume electron microscopy,corpus,no-oa-record,,,https://doi.org/10.1017/s1431927613003991,0,https://doi.org/10.1017/s1431927613003991
work_f7cf39ff629c4544,10.1016/j.preteyeres.2013.08.002,2013.0,"Retinal Connectomics: Towards Complete, Accurate Networks",corpus,oa-flagged-blocked,,,https://www.sciencedirect.com/science/article/pii/S1350946213000554/pdf,0,https://www.sciencedirect.com/science/article/pii/S1350946213000554/pdf
work_fd85858fb226a2fb,10.3389/conf.fninf.2013.09.00060,2013.0,Mojo 2.0: Connectome Annotation Tool,corpus,oa-flagged-blocked,,,https://doi.org/10.3389/conf.fninf.2013.09.00060,0,https://doi.org/10.3389/conf.fninf.2013.09.00060
work_a83752a657d4ec4e,10.1038/nature13240,2014,Space-time wiring specificity supports direction selectivity in the retina,corpus,oa-flagged-blocked,,,https://www.ncbi.nlm.nih.gov/pmc/articles/PMC4074887,0,https://www.ncbi.nlm.nih.gov/pmc/articles/PMC4074887
work_ab4936e9fe95de49,10.1016/j.cell.2015.06.054,2015,Saturated Reconstruction of a Volume of Neocortex,corpus,oa-flagged-blocked,,,http://www.cell.com/article/S0092867415008247/pdf,0,http://www.cell.com/article/S0092867415008247/pdf
work_f4f91c156929709a,10.1016/j.neuron.2015.01.014,2015.0,Glial Regulation of the Neuronal Connectome through Local and Long-Distant Communication,corpus,oa-flagged-blocked,,,https://www.cell.com/article/S0896627315000409/pdf,0,https://www.cell.com/article/S0896627315000409/pdf
work_3cf5d4c3be86004c,10.1080/10618600.2016.1193505,2017.0,A Semiparametric Two-Sample Hypothesis Testing Problem for Random Graphs,corpus,oa-flagged-blocked,,,https://figshare.com/articles/journal_contribution/A_semiparametric_two-sample_hypothesis_testing_problem_for_random_graphs/3405667,0,https://figshare.com/articles/journal_contribution/A_semiparametric_two-sample_hypothesis_testing_problem_for_random_graphs/3405667
work_e70f6ec0a66ccab2,10.17863/cam.16873,2017.0,Connectomics of extrasynaptic signalling: applications to the nervous system of Caenorhabditis elegans,corpus,oa-flagged-blocked,,,https://www.repository.cam.ac.uk/handle/1810/270033,0,https://www.repository.cam.ac.uk/handle/1810/270033
work_0e66a351d16a93f6,10.1017/s1431927618007705,2018.0,Serial Thick Section Gas Cluster Ion Beam Scanning Electron Microscopy,corpus,oa-flagged-blocked,,,https://doi.org/10.1017/s1431927618007705,0,https://doi.org/10.1017/s1431927618007705
work_324fa11700fbfc52,10.1017/s1431927618006621,2018.0,Breaking Barriers of FIB-SEM for Large Volume Connectomics and Cell Biology,corpus,oa-flagged-blocked,,,https://doi.org/10.1017/s1431927618006621,0,https://doi.org/10.1017/s1431927618006621
work_37f1613cec20c6f3,10.1017/s1431927618007742,2018.0,Optimal Preparation of Drosophila Brain Samples for FIB-SEM,corpus,oa-flagged-blocked,,,https://doi.org/10.1017/s1431927618007742,0,https://doi.org/10.1017/s1431927618007742
work_e69d67566d2e09de,10.1523/jneurosci.0719-17.2018,2018.0,A Proposed Mechanism for Spontaneous Transitions between Interictal and Ictal Activity,corpus,downloaded,europepmc,doi_10.1523_jneurosci.0719-17.2018.pdf,https://europepmc.org/articles/PMC6335741?pdf=render,13761172,https://www.jneurosci.org/content/jneuro/39/3/557.full.pdf
work_fb4bc9a9581bb231,10.1007/s00429-018-1750-x,2018.0,Whole Mouse Brain Structural Connectomics using Magnetic Resonance Histology,corpus,oa-flagged-blocked,,,https://europepmc.org/articles/pmc7053251?pdf=render,0,https://europepmc.org/articles/pmc7053251?pdf=render
work_036e22a15502fd7e,10.1109/icassp.2019.8683119,2019.0,Strip the Stripes: Artifact Detection and Removal for Scanning Electron Microscopy Imaging,corpus,no-oa-record,,,https://doi.org/10.1109/icassp.2019.8683119,0,https://doi.org/10.1109/icassp.2019.8683119
work_20aa11e350125328,10.1109/isbi.2019.8759290,2019.0,Weakly Supervised Learning in Deformable EM Image Registration Using Slice Interpolation,corpus,no-oa-record,,,https://doi.org/10.1109/isbi.2019.8759290,0,https://doi.org/10.1109/isbi.2019.8759290
work_50ff4d262c166d92,10.1109/tvcg.2018.2864847,2019.0,Culling for Extreme-Scale Segmentation Volumes: A Hybrid Deterministic and Probabilistic Approach,corpus,no-oa-record,,,https://doi.org/10.1109/tvcg.2018.2864847,0,https://doi.org/10.1109/tvcg.2018.2864847
work_55afa73b6c08e935,10.1212/wnl.92.15_supplement.p1.8-006,2019.0,Ultrastructural Changes in Brain Stem Pathways in a Patient with Ataxia Associated with SPG7 Mutations (P1.8-006),corpus,no-oa-record,,,https://doi.org/10.1212/wnl.92.15_supplement.p1.8-006,0,https://doi.org/10.1212/wnl.92.15_supplement.p1.8-006
work_740d0cb24a85d1c1,10.1109/ithings/greencom/cpscom/smartdata.2019.00069,2019.0,Optimization Algorithms in Reconstructions of Neuron Morphology: An Overview,corpus,no-oa-record,,,https://doi.org/10.1109/ithings/greencom/cpscom/smartdata.2019.00069,0,https://doi.org/10.1109/ithings/greencom/cpscom/smartdata.2019.00069
work_a20ba66636876b3e,10.1007/978-981-10-9020-2_1,2019.0,Multiscale and Multimodal Imaging for Connectomics,corpus,oa-flagged-blocked,,,https://doi.org/10.1007/978-981-10-9020-2_1,0,https://doi.org/10.1007/978-981-10-9020-2_1
work_f2cb9330c22ec6c6,10.1109/icme.2019.00154,2019.0,Regularize Network Skip Connections by Gating Mechanisms for Electron Microscopy Image Segmentation,corpus,no-oa-record,,,https://doi.org/10.1109/icme.2019.00154,0,https://doi.org/10.1109/icme.2019.00154
work_fb24e2e7796cd54c,10.1117/12.2512808,2019.0,Skeleton-based image registration of serial electron microscopy sections,corpus,no-oa-record,,,https://doi.org/10.1117/12.2512808,0,https://doi.org/10.1117/12.2512808
work_32be8e2e7620bbea,10.1017/s1431927620015226,2020.0,Transforming FIB-SEM for Large Volume Imaging: A Powerful Discovery Platform for Biological Sciences,corpus,oa-flagged-blocked,,,https://doi.org/10.1017/s1431927620015226,0,https://doi.org/10.1017/s1431927620015226
work_4e304075a32337e8,10.1016/b978-0-12-816176-0.00015-6,2020.0,Deep multilevel contextual networks for biomedical image segmentation,corpus,no-oa-record,,,https://doi.org/10.1016/b978-0-12-816176-0.00015-6,0,https://doi.org/10.1016/b978-0-12-816176-0.00015-6
work_88c223f0b82f20de,10.1109/hpec43674.2020.9286243,2020.0,High-Throughput Image Alignment for Connectomics using Frugal Snap Judgments,corpus,no-oa-record,,,https://doi.org/10.1109/hpec43674.2020.9286243,0,https://doi.org/10.1109/hpec43674.2020.9286243
work_b3d2f4a1d8b054ae,10.1016/j.neucom.2020.11.067,2020.0,A recurrent neural network model of C. elegans responses to aversive stimuli,corpus,no-oa-record,,,https://doi.org/10.1016/j.neucom.2020.11.067,0,https://doi.org/10.1016/j.neucom.2020.11.067
work_ce654d123974b672,10.1111/ejn.14988,2020.0,Statistical analysis of unidirectional and reciprocal chemical connections in the C. elegans connectome,corpus,no-oa-record,,,https://doi.org/10.1111/ejn.14988,0,https://doi.org/10.1111/ejn.14988
work_f2285f79d8778ed4,10.1016/j.jneumeth.2020.109062,2020.0,A simple method defines 3D morphology and axon projections of filled neurons in a small CNS volume: steps toward understanding functional network circuitry.,corpus,no-oa-record,,,https://doi.org/10.1016/j.jneumeth.2020.109062,0,https://doi.org/10.1016/j.jneumeth.2020.109062
work_04bc672be1766531,10.1016/j.cub.2021.03.053,2021.0,Neurodevelopment: Comparative connectomics and the study of circuit assembly.,corpus,oa-flagged-blocked,,,https://doi.org/10.1016/j.cub.2021.03.053,0,https://doi.org/10.1016/j.cub.2021.03.053
work_72b1d33f49042f77,10.1017/s1431927621009168,2021.0,Multi-Scale Imaging of Connectomes With Photons and Electrons,corpus,oa-flagged-blocked,,,https://doi.org/10.1017/s1431927621009168,0,https://doi.org/10.1017/s1431927621009168
work_9388ccb7e7e830c1,10.1364/brain.2021.bm3b.2,2021.0,Confocal Bessel Beam Light-sheet and Expansion Microscopy for Axonal Connectomics of Mammalian Brains,corpus,no-oa-record,,,https://doi.org/10.1364/brain.2021.bm3b.2,0,https://doi.org/10.1364/brain.2021.bm3b.2
work_bb4a58bb9fae0ea0,10.1016/j.cub.2021.08.055,2021.0,Neurobiology: From genome and connectome to understanding behavior,corpus,no-oa-record,,,https://doi.org/10.1016/j.cub.2021.08.055,0,https://doi.org/10.1016/j.cub.2021.08.055
work_f51a122abe38a644,10.1016/j.bspc.2021.102829,2021.0,An effective AI integrated system for neuron tracing on anisotropic electron microscopy volume,corpus,no-oa-record,,,https://doi.org/10.1016/j.bspc.2021.102829,0,https://doi.org/10.1016/j.bspc.2021.102829
work_270d1e87908e8ca8,10.20965/jrm.2022.p0795,2022.0,The Understanding of ON-Edge Motion Detection Through the Simulation Based on the Connectome of Drosophila's Optic Lobe,corpus,oa-flagged-blocked,,,https://doi.org/10.20965/jrm.2022.p0795,0,https://doi.org/10.20965/jrm.2022.p0795
work_2fec1e83fce4a3a0,10.1088/1741-2552/ac69bd,2022.0,A graph network model for neural connection prediction and connection strength estimation,corpus,no-oa-record,,,https://doi.org/10.1088/1741-2552/ac69bd,0,https://doi.org/10.1088/1741-2552/ac69bd
work_528bb07484e5be14,10.1109/isbi52829.2022.9761659,2022.0,Anomaly Detection in EM Images - A Zero-Shot Learning Approach,corpus,no-oa-record,,,https://doi.org/10.1109/isbi52829.2022.9761659,0,https://doi.org/10.1109/isbi52829.2022.9761659
work_6b8720ef71aace28,10.1117/12.2611465,2022.0,Performance analysis in serial-section electron microscopy image registration of neuronal tissue,corpus,confirmed-unavailable,,,https://doi.org/10.1117/12.2611465,0,https://doi.org/10.1117/12.2611465
work_6d00499bc1daf535,10.1016/j.cub.2021.12.037,2022.0,Connectomics: Relating synaptic connectivity to physiology.,corpus,no-oa-record,,,https://doi.org/10.1016/j.cub.2021.12.037,0,https://doi.org/10.1016/j.cub.2021.12.037
work_79a23415110e1412,10.1016/j.cub.2022.07.001,2022.0,Systems neuroscience: Auditory processing at synaptic resolution.,corpus,no-oa-record,,,https://doi.org/10.1016/j.cub.2022.07.001,0,https://doi.org/10.1016/j.cub.2022.07.001
work_850cb29d47fc3dc9,10.1109/tmi.2022.3164343,2022.0,Scalable Biologically-Aware Skeleton Generation for Connectomic Volumes,corpus,oa-flagged-blocked,,,https://doi.org/10.1109/tmi.2022.3164343,0,https://doi.org/10.1109/tmi.2022.3164343
work_fc2482a7f46c841c,10.1109/tmi.2022.3176050,2022.0,Semi-Supervised Neuron Segmentation via Reinforced Consistency Learning,corpus,no-oa-record,,,https://doi.org/10.1109/tmi.2022.3176050,0,https://doi.org/10.1109/tmi.2022.3176050
work_241c36d5a902c316,10.1109/embc40787.2023.10340599,2023.0,High-Speed Automated Reconstruction of Drosophila Larval Brain from Volumetric EM Data,corpus,no-oa-record,,,http://dx.doi.org/10.1109/embc40787.2023.10340599,0,http://dx.doi.org/10.1109/embc40787.2023.10340599
work_26da5d45d3f7fc2c,10.1093/comnet/cnad013,2023.0,Neuronal motifs reveal backbone structure and influential neurons of neural network in C. elegans,corpus,no-oa-record,,,https://doi.org/10.1093/comnet/cnad013,0,https://doi.org/10.1093/comnet/cnad013
work_4520228f7f3302c2,10.1109/bibm58861.2023.10385337,2023.0,Network Community Detection in Connectomics Data using Graph Theory,corpus,no-oa-record,,,https://doi.org/10.1109/bibm58861.2023.10385337,0,https://doi.org/10.1109/bibm58861.2023.10385337
work_6c667e4590ab2a67,10.1109/urtc60662.2023.10534957,2023.0,Converting Biological Neural Networks to DAGs: Evaluation of Customized Algorithms on C. Elegans,corpus,no-oa-record,,,http://dx.doi.org/10.1109/urtc60662.2023.10534957,0,http://dx.doi.org/10.1109/urtc60662.2023.10534957
work_863949ff6ec36ab6,10.1109/cvpr52729.2023.00715,2023.0,A Soma Segmentation Benchmark in Full Adult Fly Brain,corpus,no-oa-record,,,http://dx.doi.org/10.1109/cvpr52729.2023.00715,0,http://dx.doi.org/10.1109/cvpr52729.2023.00715
work_d09866448cd69dbb,10.1055/s-0043-1771214,2023.0,Connectomic Networks and Their Impact on Clinical Outcomes in Glioma Treatment: A Review,corpus,oa-flagged-blocked,,,http://www.thieme-connect.de/products/ejournals/pdf/10.1055/s-0043-1771214.pdf,0,http://www.thieme-connect.de/products/ejournals/pdf/10.1055/s-0043-1771214.pdf
work_d79abd393dc91975,10.1109/isbi53787.2023.10230381,2023.0,Unpaired Image Enhancement for Neurite Segmentation in x-ray Tomography,corpus,no-oa-record,,,http://dx.doi.org/10.1109/isbi53787.2023.10230381,0,http://dx.doi.org/10.1109/isbi53787.2023.10230381
work_e31c5d57379f200a,10.1109/tcbb.2023.3279443,2023.0,The Intrinsic Similarity of Topological Structure in Biological Neural Networks,corpus,no-oa-record,,,https://doi.org/10.1109/tcbb.2023.3279443,0,https://doi.org/10.1109/tcbb.2023.3279443
work_e8e5867174466a8b,10.1109/icicsp59554.2023.10390629,2023.0,Thickness Estimation of Biological Tissue Sections from Structural Deformation,corpus,no-oa-record,,,http://dx.doi.org/10.1109/icicsp59554.2023.10390629,0,http://dx.doi.org/10.1109/icicsp59554.2023.10390629
work_ec28dff4b068dacf,10.23919/ccc58697.2023.10240396,2023.0,Self-Organized Criticality in C. Elegans Neural Network,corpus,no-oa-record,,,http://dx.doi.org/10.23919/ccc58697.2023.10240396,0,http://dx.doi.org/10.23919/ccc58697.2023.10240396
work_f38f15c57decbf30,10.1109/uemcon59035.2023.10316141,2023.0,Advancing Connectomics: High-Precision Neural Structure Segmentation Using U-Net-Based Model,corpus,no-oa-record,,,http://dx.doi.org/10.1109/uemcon59035.2023.10316141,0,http://dx.doi.org/10.1109/uemcon59035.2023.10316141
work_ff2e9f919f0cbaff,10.1016/j.cub.2023.05.010,2023.0,Cyclic structure with cellular precision in a vertebrate sensorimotor neural circuit,corpus,oa-flagged-blocked,,,http://www.cell.com/article/S0960982223006048/pdf,0,http://www.cell.com/article/S0960982223006048/pdf
work_3cc21ebfdfd82947,10.4103/atn.atn-d-24-00009,2024.0,Two- and three-dimensional electron microscopy techniques: powerful tools for studying the brain under physiological and pathological conditions,corpus,oa-flagged-blocked,,,https://doi.org/10.4103/atn.atn-d-24-00009,0,https://doi.org/10.4103/atn.atn-d-24-00009
work_4f1a3d9f690cb72b,10.1093/mictod/qaad108,2024.0,Creating Efficient Workflows for Electron Microscopy Laboratories with Automated Specimen Preparation,corpus,oa-flagged-blocked,,,https://academic.oup.com/mt/article-pdf/32/1/16/56644024/qaad108.pdf,0,https://academic.oup.com/mt/article-pdf/32/1/16/56644024/qaad108.pdf
work_530500d5198cf600,10.1016/j.ydbio.2024.07.018,2024.0,Structural changes shaping the Drosophila ellipsoid body ER-neurons during development and aging.,corpus,oa-flagged-blocked,,,https://doi.org/10.1016/j.ydbio.2024.07.018,0,https://doi.org/10.1016/j.ydbio.2024.07.018
work_64c06ffb8fbbfee6,10.1515/mim-2024-0013,2024.0,Wrapped up: advancements in volume electron microscopy and application in myelin research,corpus,oa-flagged-blocked,,,https://www.degruyterbrill.com/document/doi/10.1515/mim-2024-0013/pdf,0,https://www.degruyterbrill.com/document/doi/10.1515/mim-2024-0013/pdf
work_74ae11cddb4ef3c5,10.1117/12.3028309,2024.0,Cell nuclei segmentation in mm-scale x-ray holographic nanotomography images of mouse brain tissue,corpus,no-oa-record,,,https://doi.org/10.1117/12.3028309,0,https://doi.org/10.1117/12.3028309
work_902cf6d1376f15b8,10.1109/wacv57701.2024.00765,2024.0,Self-Supervised Edge Detection Reconstruction for Topology-Informed 3D Axon Segmentation and Centerline Detection,corpus,no-oa-record,,,https://doi.org/10.1109/wacv57701.2024.00765,0,https://doi.org/10.1109/wacv57701.2024.00765
work_97623cd3af206ac9,10.1146/annurev-vision-102122-110414,2024.0,Retinal Connectomics: A Review.,corpus,oa-flagged-blocked,,,https://doi.org/10.1146/annurev-vision-102122-110414,0,https://doi.org/10.1146/annurev-vision-102122-110414
work_afe0fbf6e9c35179,10.1109/icmew63481.2024.10645359,2024.0,Neuproofreader: An Interactive Proofreading System with Suggestive Prompts for Connectomics,corpus,no-oa-record,,,https://doi.org/10.1109/icmew63481.2024.10645359,0,https://doi.org/10.1109/icmew63481.2024.10645359
work_fcde997651aa75de,10.1093/mam/ozae044.491,2024.0,Automated Specimen Preparation for Electron Microscopy,corpus,no-oa-record,,,https://doi.org/10.1093/mam/ozae044.491,0,https://doi.org/10.1093/mam/ozae044.491
work_0016f2020218fbe5,10.1177/10738584251337656,2025.0,Connectivity in the Human Cerebral Cortex: A Fundamental Problem and a Possible Explanation for the Cognitive Power of Vertebrates,corpus,no-oa-record,,,https://doi.org/10.1177/10738584251337656,0,https://doi.org/10.1177/10738584251337656
work_20b1e77216429111,10.1016/j.jocn.2025.111652,2025.0,Extended reality in the changing landscape of cranial neurosurgery: Role of image fusions and connectomics in precision and safety.,corpus,no-oa-record,,,https://doi.org/10.1016/j.jocn.2025.111652,0,https://doi.org/10.1016/j.jocn.2025.111652
work_6f59f36ba7767917,10.1016/j.neuroscience.2025.03.006,2025.0,"Taking flight, the use of Drosophila melanogaster for neuroscience research in Uruguay.",corpus,no-oa-record,,,https://doi.org/10.1016/j.neuroscience.2025.03.006,0,https://doi.org/10.1016/j.neuroscience.2025.03.006
work_72b520361c1b81dc,10.1016/j.conb.2025.103151,2025.0,"Sexually dimorphic neural circuits underlying mating behaviors: Insights from worms, flies, and mice.",corpus,no-oa-record,,,https://doi.org/10.1016/j.conb.2025.103151,0,https://doi.org/10.1016/j.conb.2025.103151
work_76cf86007e3f5baf,10.1117/12.3047770,2025.0,Visualizing Drosophila connectome with multiview light-sheet macrophotography and iterative expansion microscopy,corpus,no-oa-record,,,https://doi.org/10.1117/12.3047770,0,https://doi.org/10.1117/12.3047770
work_868a0c3e30075587,10.1016/j.conb.2025.103112,2025.0,Formation of sensory maps: New tools reveal novel insights into neural development.,corpus,oa-flagged-blocked,,,https://pmc.ncbi.nlm.nih.gov/articles/PMC13183396/,0,https://pmc.ncbi.nlm.nih.gov/articles/PMC13183396/
work_9b04387f1c164376,10.1111/ejn.16673,2025.0,Critical Regions and Connections Form Pathways and Clusters in the Mouse Brain,corpus,oa-flagged-blocked,,,https://onlinelibrary.wiley.com/doi/pdfdirect/10.1111/ejn.16673,0,https://onlinelibrary.wiley.com/doi/pdfdirect/10.1111/ejn.16673
work_a65fd84f5ad30482,10.1109/escience65000.2025.00062,2025.0,Synthesis of Ground Truth for Neuronal Segmentation,corpus,no-oa-record,,,https://doi.org/10.1109/escience65000.2025.00062,0,https://doi.org/10.1109/escience65000.2025.00062
work_c8962279ab5d5ffa,10.1016/j.tins.2025.10.012,2025.0,How neural feedback enables flexible visual processing in Drosophila.,corpus,no-oa-record,,,https://doi.org/10.1016/j.tins.2025.10.012,0,https://doi.org/10.1016/j.tins.2025.10.012
work_e2e885d60174dbaa,10.1016/j.tins.2025.10.007,2025.0,"Sexual dimorphism in pheromone perception across worms, flies, and rodents.",corpus,no-oa-record,,,https://doi.org/10.1016/j.tins.2025.10.007,0,https://doi.org/10.1016/j.tins.2025.10.007
work_043d6cf6b22999a9,10.23919/date69613.2026.11539470,2026.0,A Digital Neural Array IC for Real-Time Neural Network Replication from Spike Activities,corpus,no-oa-record,,,https://doi.org/10.23919/date69613.2026.11539470,0,https://doi.org/10.23919/date69613.2026.11539470
work_0f3c0c692dba28f7,10.1016/j.neuroscience.2026.02.044,2026.0,In silico neuronal morphology classification: A systematic review.,corpus,oa-flagged-blocked,,,https://doi.org/10.1016/j.neuroscience.2026.02.044,0,https://doi.org/10.1016/j.neuroscience.2026.02.044
work_17515b46569c966d,10.1016/j.crmeth.2026.101543,2026.0,Volumetric denoising enables high-throughput volume electron microscopy and efficient downstream analysis.,corpus,oa-flagged-blocked,,,https://doi.org/10.1016/j.crmeth.2026.101543,0,https://doi.org/10.1016/j.crmeth.2026.101543
work_49cdb39886a56ede,10.1016/j.neuroscience.2026.06.007,2026.0,Developmental patterns of the C. elegans neural circuits using community detection.,corpus,no-oa-record,,,https://doi.org/10.1016/j.neuroscience.2026.06.007,0,https://doi.org/10.1016/j.neuroscience.2026.06.007
work_4b8e24bb37ad66d1,10.1016/j.preteyeres.2026.101450,2026.0,UNSOLVED RETINAL QUESTIONS.,corpus,oa-flagged-blocked,,,https://doi.org/10.1016/j.preteyeres.2026.101450,0,https://doi.org/10.1016/j.preteyeres.2026.101450
work_5e8c3be0c96f3f97,10.1109/tim.2026.3693404,2026.0,A Physics-Inspired Neural Network Framework for Nanoscale Biological Slice Thickness Measurement,corpus,no-oa-record,,,https://doi.org/10.1109/tim.2026.3693404,0,https://doi.org/10.1109/tim.2026.3693404
work_5ffdfd4866eae431,10.1162/daed.a.977,2026.0,From Pixels to Minds: Mapping & Understanding the Brain with AI,corpus,no-oa-record,,,https://doi.org/10.1162/daed.a.977,0,https://doi.org/10.1162/daed.a.977
work_671e972c0bf9c3e6,10.1109/icbcb69424.2026.11621173,2026.0,Scalable Comparative Connectomics: Interpretable Machine Learning Reveals Evolutionary Signatures and Reconstruction Artifacts,corpus,no-oa-record,,,https://doi.org/10.1109/icbcb69424.2026.11621173,0,https://doi.org/10.1109/icbcb69424.2026.11621173
work_95938bf4e63558ad,10.61958/nmqv6943,2026.0,Advances in brain connectomics: integrating light and electron microscopy for multiscale neural mapping,corpus,no-oa-record,,,https://doi.org/10.61958/nmqv6943,0,https://doi.org/10.61958/nmqv6943
work_9f4de65ab9e29bbf,10.1016/j.crmeth.2026.101512,2026.0,Mapping brain-wide monosynaptic inputs to single neurons with ROInet-seq.,corpus,oa-flagged-blocked,,,https://doi.org/10.1016/j.crmeth.2026.101512,0,https://doi.org/10.1016/j.crmeth.2026.101512
work_b2e3ca8af45bd44a,10.1109/prmvai70103.2026.11605680,2026.0,Beyond Feedforward: Unveiling a Recurrent Core and Super-Hubs in the Drosophila Connectome,corpus,confirmed-unavailable,,,https://doi.org/10.1109/prmvai70103.2026.11605680,0,https://doi.org/10.1109/prmvai70103.2026.11605680
work_bba81c892f47fd62,10.1109/isbi61048.2026.11515727,2026.0,Morphology-Embedded Graph Optimization for EM Neuron Tracing,corpus,no-oa-record,,,https://doi.org/10.1109/isbi61048.2026.11515727,0,https://doi.org/10.1109/isbi61048.2026.11515727
work_c3138ffe0202a49e,10.1109/tmi.2026.3658169,2026.0,Neuron Segment Connectivity Prediction With Multimodal Features for Connectomics,corpus,no-oa-record,,,https://doi.org/10.1109/tmi.2026.3658169,0,https://doi.org/10.1109/tmi.2026.3658169
work_c47c1a58554dcf03,10.1016/j.clineuro.2026.109475,2026.0,"Gliomas as network diseases: Neuron-tumor interactions, connectome disruption, and clinical implications.",corpus,oa-flagged-blocked,,,https://doi.org/10.1016/j.clineuro.2026.109475,0,https://doi.org/10.1016/j.clineuro.2026.109475
work_cc1516e30831abf8,10.1016/j.tics.2026.04.008,2026.0,Embracing the suboptimal organization of the human brain.,corpus,oa-flagged-blocked,,,https://doi.org/10.1016/j.tics.2026.04.008,0,https://doi.org/10.1016/j.tics.2026.04.008
work_d478e4e9b45418c2,10.1109/nice69539.2026.11567466,2026.0,Memory Trade-Offs in Neuromorphic Communication Strategies of the Flywire Connectome on Loihi 2,corpus,no-oa-record,,,https://doi.org/10.1109/nice69539.2026.11567466,0,https://doi.org/10.1109/nice69539.2026.11567466
work_e8d35ac175deabda,10.1016/j.tins.2025.12.005,2026.0,Flexible circuits for visually guided flight control in Drosophila.,corpus,oa-flagged-blocked,,,https://doi.org/10.1016/j.tins.2025.12.005,0,https://doi.org/10.1016/j.tins.2025.12.005
work_faedde5590381df4,10.1142/s0219691326500116,2026.0,A Transformer-based Framework for Large-Scale EM Segmentation Stitching,corpus,confirmed-unavailable,,,https://doi.org/10.1142/s0219691326500116,0,https://doi.org/10.1142/s0219691326500116
,10.1523/jneurosci.3189-07.2008,2008,Serial Section Scanning Electron Microscopy of Adult Brain Tissue Using Focused Ion Beam Milling,fill,downloaded,europepmc,doi_10.1523_jneurosci.3189-07.2008.pdf,https://europepmc.org/articles/PMC6670719?pdf=render,595590,https://www.jneurosci.org/content/jneuro/28/12/2959.full.pdf
,10.1038/s41592-019-0641-2,2019,Gas cluster ion beam SEM for imaging of large tissue samples with 10 nm isotropic resolution,fill,oa-flagged-blocked,,,http://infoscience.epfl.ch/record/275747,0,http://infoscience.epfl.ch/record/275747
,10.1038/nature14297,2015,A multilevel multimodal circuit enhances action selection in Drosophila,fill,no-oa-record,,,https://doi.org/10.1038/nature14297,0,https://doi.org/10.1038/nature14297
,10.1111/jmi.12224,2015,"High-resolution, high-throughput imaging with a multibeam scanning electron microscope",fill,downloaded,openalex,doi_10.1111_jmi.12224.pdf,https://unsworks.unsw.edu.au/bitstreams/309bcfae-7ccd-416f-aa63-0ed71cb38531/download,2999250,https://onlinelibrary.wiley.com/doi/pdfdirect/10.1111/jmi.12224
,10.1038/s41592-021-01183-7,2021,Automatic Detection of Synaptic Partners in a Whole-Brain Drosophila EM Dataset,fill,oa-flagged-blocked,,,https://www.ncbi.nlm.nih.gov/pmc/articles/7611460,0,https://www.ncbi.nlm.nih.gov/pmc/articles/7611460
,10.1038/s41592-018-0219-4,2018,Expansion Microscopy: Principles and Uses in Biological Research,fill,oa-flagged-blocked,,,https://hdl.handle.net/1721.1/129940,0,https://hdl.handle.net/1721.1/129940
,10.1038/nature22356,2017,Whole-brain serial-section electron microscopy in larval zebrafish,fill,downloaded,s2_oa,doi_10.1038_nature22356.pdf,https://www.biorxiv.org/content/biorxiv/early/2017/05/07/134882.full.pdf,5216515,https://www.biorxiv.org/content/biorxiv/early/2017/05/07/134882.full.pdf
,10.1038/nmeth.2072,2012,Elastic volume reconstruction from series of ultra-thin microscopy sections,fill,oa-flagged-blocked,,,https://www.nature.com/articles/nmeth.2072.pdf,0,https://www.nature.com/articles/nmeth.2072.pdf
,10.3389/fncir.2014.00068,2014,Imaging ATUM ultrathin section libraries with WaferMapper: a multi-scale approach to EM reconstruction of neural circuit,fill,downloaded,s2_oa,doi_10.3389_fncir.2014.00068.pdf,https://www.frontiersin.org/articles/10.3389/fncir.2014.00068/pdf,1976581,https://www.frontiersin.org/articles/10.3389/fncir.2014.00068/pdf
,10.1038/s41593-020-0704-9,2020,Dense neuronal reconstruction through X-ray holographic nano-tomography,fill,oa-flagged-blocked,,,https://www.cell.com/article/S0006349519325809/pdf,0,https://www.cell.com/article/S0006349519325809/pdf
,10.1038/nature23455,2017,The complete connectome of a learning and memory centre in an insect brain,fill,oa-flagged-blocked,,,https://www.ncbi.nlm.nih.gov/pmc/articles/5806122,0,https://www.ncbi.nlm.nih.gov/pmc/articles/5806122
,10.1023/b:visi.0000029664.99615.94,2004,Distinctive Image Features from Scale-Invariant Keypoints,fill,no-oa-record,,,https://doi.org/10.1023/b:visi.0000029664.99615.94,0,https://doi.org/10.1023/b:visi.0000029664.99615.94
,10.1126/science.298.5594.824,2002,Network motifs: simple building blocks of complex networks.,fill,no-oa-record,,,https://doi.org/10.1126/science.298.5594.824,0,https://doi.org/10.1126/science.298.5594.824
,10.1038/s41592-019-0582-9,2019,ilastik: interactive machine learning for (bio)image analysis,fill,downloaded,s2_oa,doi_10.1038_s41592-019-0582-9.pdf,http://archiv.ub.uni-heidelberg.de/volltextserver/28283/7/Berg_ilastik_2020.pdf,2078965,http://archiv.ub.uni-heidelberg.de/volltextserver/28283/7/Berg_ilastik_2020.pdf
,10.1016/j.neuron.2007.06.014,2007,Array tomography: a new tool for imaging the molecular architecture and ultrastructure of neural circuits.,fill,oa-flagged-blocked,,,http://www.cell.com/article/S0896627307004412/pdf,0,http://www.cell.com/article/S0896627307004412/pdf
,10.1111/j.1365-2818.2005.01466.x,2005,Reconstruct: a free editor for serial section microscopy,fill,no-oa-record,,,https://doi.org/10.1111/j.1365-2818.2005.01466.x,0,https://doi.org/10.1111/j.1365-2818.2005.01466.x
,10.1016/j.cub.2010.11.056,2011,Three-dimensional reconstruction of brain-wide wiring networks in Drosophila at single-cell resolution.,fill,oa-flagged-blocked,,,http://www.cell.com/article/S0960982210015228/pdf,0,http://www.cell.com/article/S0960982210015228/pdf
,10.1162/neco.2009.10-08-881,2010,Convolutional Networks Can Learn to Generate Affinity Graphs for Image Segmentation,fill,downloaded,s2_oa,doi_10.1162_neco.2009.10-08-881.pdf,https://dspace.mit.edu/bitstreams/8886b918-19e5-4456-8202-92b0877f49ea/download,1589375,https://dspace.mit.edu/bitstreams/8886b918-19e5-4456-8202-92b0877f49ea/download
,10.1126/science.1209168,2011,The Big and the Small: Challenges of Imaging the Brain’s Circuits,fill,oa-flagged-blocked,,,http://nrs.harvard.edu/urn-3:HUL.InstRepos:33431731,0,http://nrs.harvard.edu/urn-3:HUL.InstRepos:33431731
,10.7554/elife.05793,2015,Ultrastructural analysis of adult mouse neocortex comparing aldehyde perfusion with cryo fixation,fill,downloaded,europepmc,doi_10.7554_elife.05793.pdf,https://europepmc.org/articles/PMC4530226?pdf=render,3424976,https://doi.org/10.7554/elife.05793
,10.1083/jcb.30.2.424,1966,A NEW STAINING METHOD (OTO) FOR ENHANCING CONTRAST OF LIPID-CONTAINING MEMBRANES AND DROPLETS IN OSMIUM TETROXIDE-FIXED ,fill,downloaded,europepmc,doi_10.1083_jcb.30.2.424.pdf,https://europepmc.org/articles/PMC2106998?pdf=render,1158021,https://www.ncbi.nlm.nih.gov/pmc/articles/2106998
,10.1016/j.cub.2010.07.045,2010,Sexual Dimorphism in the Fly Brain,fill,oa-flagged-blocked,,,https://doi.org/10.1016/j.cub.2010.07.045,0,https://doi.org/10.1016/j.cub.2010.07.045
,10.1038/nprot.2011.439,2012,High contrast en bloc staining of neuronal tissue for field emission scanning electron microscopy,fill,oa-flagged-blocked,,,https://www.ncbi.nlm.nih.gov/pmc/articles/PMC3701260,0,https://www.ncbi.nlm.nih.gov/pmc/articles/PMC3701260
,10.1073/pnas.1509820112,2015,Synaptic circuits and their variations within different columns in the visual system of Drosophila,fill,downloaded,europepmc,doi_10.1073_pnas.1509820112.pdf,https://europepmc.org/articles/PMC4640747?pdf=render,1278123,https://www.pnas.org/content/pnas/112/44/13711.full.pdf
,10.1111/boc.201600024,2016,Volume scanning electron microscopy for imaging biological ultrastructure,fill,no-oa-record,,,https://doi.org/10.1111/boc.201600024,0,https://doi.org/10.1111/boc.201600024
,10.1017/s1431927606066268,2006,Automating the Collection of Ultrathin Serial Sections for Large Volume TEM Reconstructions,fill,no-oa-record,,,https://doi.org/10.1017/s1431927606066268,0,https://doi.org/10.1017/s1431927606066268
,10.1038/nmeth.3361,2015,High-resolution whole-brain staining for electron microscopic circuit reconstruction,fill,no-oa-record,,,https://doi.org/10.1038/nmeth.3361,0,https://doi.org/10.1038/nmeth.3361
,10.1371/journal.pone.0071715,2013,Machine Learning of Hierarchical Clustering to Segment 2D and 3D Images,fill,downloaded,openalex,doi_10.1371_journal.pone.0071715.pdf,https://arxiv.org/pdf/1303.6163,3420092,https://doi.org/10.1371/journal.pone.0071715
,10.1177/32.4.6323574,1984,The use of osmium-thiocarbohydrazide-osmium (OTO) and ferrocyanide-reduced osmium methods to enhance membrane contrast a,fill,oa-flagged-blocked,,,https://journals.sagepub.com/doi/pdf/10.1177/32.4.6323574,0,https://journals.sagepub.com/doi/pdf/10.1177/32.4.6323574
,10.1016/j.cell.2012.12.013,2013,System-wide rewiring underlies behavioral differences in predatory and bacterial-feeding nematodes.,fill,oa-flagged-blocked,,,http://www.cell.com/article/S0092867412015000/pdf,0,http://www.cell.com/article/S0092867412015000/pdf
,10.1038/nmeth.2213,2012,Staining and embedding the whole mouse brain for electron microscopy,fill,no-oa-record,,,https://doi.org/10.1038/nmeth.2213,0,https://doi.org/10.1038/nmeth.2213
,10.1016/j.neuron.2015.09.003,2015,SegEM: Efficient Image Analysis for High-Resolution Connectomics.,fill,oa-flagged-blocked,,,https://doi.org/10.1016/j.neuron.2015.09.003,0,https://doi.org/10.1016/j.neuron.2015.09.003
,10.1038/nature24005,2017,Axonal synapse sorting in medial entorhinal cortex,fill,oa-flagged-blocked,,,https://www.nature.com/articles/nature24005.pdf,0,https://www.nature.com/articles/nature24005.pdf
,10.1016/j.conb.2018.04.030,2018,Progress and remaining challenges in high-throughput volume electron microscopy.,fill,oa-flagged-blocked,,,https://doi.org/10.1016/j.conb.2018.04.030,0,https://doi.org/10.1016/j.conb.2018.04.030
,10.1093/bioinformatics/btx188,2017,DeepEM3D: approaching human‐level performance on 3D anisotropic EM image segmentation,fill,downloaded,europepmc,doi_10.1093_bioinformatics_btx188.pdf,https://europepmc.org/articles/PMC6248556?pdf=render,544733,https://www.ncbi.nlm.nih.gov/pmc/articles/6248556
,10.1007/978-3-319-67558-9_29,2017,ssEMnet: Serial-Section Electron Microscopy Image Registration Using a Spatial Transformer Network with Learned Features,fill,downloaded,s2_oa,doi_10.1007_978-3-319-67558-9_29.pdf,https://arxiv.org/pdf/1707.07833,852556,https://arxiv.org/pdf/1707.07833
,10.3389/fncir.2018.00098,2018,Large Volume Electron Microscopy and Neural Microcircuit Analysis,fill,downloaded,s2_oa,doi_10.3389_fncir.2018.00098.pdf,https://www.frontiersin.org/articles/10.3389/fncir.2018.00098/pdf,4330851,https://www.frontiersin.org/articles/10.3389/fncir.2018.00098/pdf
,10.1101/657346,2019,High-throughput transmission electron microscopy with automated serial sectioning,fill,downloaded,s2_oa,doi_10.1101_657346.pdf,https://www.biorxiv.org/content/biorxiv/early/2019/06/02/657346.full.pdf,967496,https://www.biorxiv.org/content/biorxiv/early/2019/06/02/657346.full.pdf
,10.1038/s41592-025-02891-0,2024,Nondestructive X-ray tomography of brain tissue ultrastructure,fill,downloaded,europepmc,doi_10.1038_s41592-025-02891-0.pdf,https://europepmc.org/articles/PMC12695642?pdf=render,18305148,https://doi.org/10.1038/s41592-025-02891-0
,10.3389/fncom.2017.00097,2017,Feasibility of 3D Reconstruction of Neural Morphology Using Expansion Microscopy and Barcode-Guided Agglomeration,fill,downloaded,s2_oa,doi_10.3389_fncom.2017.00097.pdf,https://www.frontiersin.org/articles/10.3389/fncom.2017.00097/pdf,3914018,https://www.frontiersin.org/articles/10.3389/fncom.2017.00097/pdf
,10.1038/s41592-023-01866-3,2023,High-contrast en bloc staining of mouse whole-brain and human brain samples for EM-based connectomics,fill,downloaded,s2_oa,doi_10.1038_s41592-023-01866-3.pdf,https://www.nature.com/articles/s41592-023-01866-3.pdf,11406910,https://www.nature.com/articles/s41592-023-01866-3.pdf
,10.1101/2021.07.23.453511,2021,PatchPerPixMatch for Automated 3d Search of Neuronal Morphologies in Light Microscopy,fill,oa-flagged-blocked,,,https://www.biorxiv.org/content/biorxiv/early/2021/07/26/2021.07.23.453511.full.pdf,0,https://www.biorxiv.org/content/biorxiv/early/2021/07/26/2021.07.23.453511.full.pdf
,10.1016/j.cell.2019.07.042,2019,"Reconstruction of 1,000 Projection Neurons Reveals New Cell Types and Organization of Long-Range Connectivity in the Mou",fill,oa-flagged-blocked,,,http://www.cell.com/article/S0092867419308426/pdf,0,http://www.cell.com/article/S0092867419308426/pdf
,10.1016/j.cell.2020.12.013,2021,Reconstruction of motor control circuits in adult Drosophila using automated transmission electron microscopy,fill,oa-flagged-blocked,,,http://www.cell.com/article/S0092867420316834/pdf,0,http://www.cell.com/article/S0092867420316834/pdf
,10.1515/mim-2024-0005,2024,FAST-EM array tomography: a workflow for multibeam volume electron microscopy,fill,downloaded,europepmc,doi_10.1515_mim-2024-0005.pdf,https://europepmc.org/articles/PMC11308914?pdf=render,6975859,https://doi.org/10.1515/mim-2024-0005
,10.1038/s41592-018-0181-1,2018,A community-developed open-source computational ecosystem for big neuro data,fill,oa-flagged-blocked,,,https://europepmc.org/articles/pmc6481161?pdf=render,0,https://europepmc.org/articles/pmc6481161?pdf=render
