work_id,year,stage_tags,title,adjudication,reason
work_0128137052dec3e0,2026.0,,Functional Synaptic Interactions and Inhibitory Circuitry of the PreBötzinger Complex in the Rhythmic Slice,keep-rescued,user-endorsed FP (functional synaptic microcircuit)
work_01a98f721c115b3c,2015.0,graph_analysis,Cortical microcircuit determination through global perturbation and sparse sampling in grid cells,drop-confirmed,"fails two-sided filter: macroscale/theory/molecular/functional-only, no nanoscale tie"
work_02bef5f71001dccb,2023.0,graph_analysis;modeling,Tau trajectory in Alzheimer's disease: Evidence from the connectome-based computational models.,drop-confirmed,"fails two-sided filter: macroscale/theory/molecular/functional-only, no nanoscale tie"
work_02da51be986693aa,2019.0,graph_analysis,PTEN Activity Defines an Axis for Plasticity at Cortico-Amygdala Synapses and Influences Social Behavior.,drop-confirmed,"fails two-sided filter: macroscale/theory/molecular/functional-only, no nanoscale tie"
work_0308d268ca38e94f,2026.0,graph_analysis;infrastructure,Intrinsic elaboration of prefrontal modularity: a dual-control model of axon bundling and synaptic docking,drop-confirmed,"fails two-sided filter: macroscale/theory/molecular/functional-only, no nanoscale tie"
work_03f019b1ea59c828,2022.0,,The 3D ultrastructure of the chordotonal organs in the antenna of a microwasp remains complex although simplified,keep-rescued,comparative EM ultrastructure
work_03f185e6c6909898,2025.0,graph_analysis;infrastructure,"Integrative analysis of single-neuron projectomes links connectome, transcriptome, and function in the mouse cortex.",drop-confirmed,"fails two-sided filter: macroscale/theory/molecular/functional-only, no nanoscale tie"
work_047847ced0c96ed0,2019.0,graph_analysis,The head direction circuit of two insect species,keep-rescued,"insect CX circuit, connectome-derived"
work_068034b20857f28d,2023.0,,Shallow networks run deep: Peripheral preprocessing facilitates odor classification,drop-confirmed,"fails two-sided filter: macroscale/theory/molecular/functional-only, no nanoscale tie"
work_06fed2e30ee196ac,2013.0,,The connectomics challenge.,keep-rescued,field commentary (connectomics challenge)
work_07aa0164f902c8fb,2019.0,graph_analysis,Cell type composition and circuit organization of neocortical radial clones,drop-confirmed,"fails two-sided filter: macroscale/theory/molecular/functional-only, no nanoscale tie"
work_07cf5b18e1597373,2026.0,modeling,Spine-neck electrical bottlenecks tune temporal precision and inhibitory gating in cortical pyramidal neurons: A connectomics-base,keep-rescued,structure-to-function on spine ultrastructure
work_08f274f7f7744af5,2025.0,graph_analysis,Synaptic loss pattern is constrained by brain connectome and modulated by phosphorylated tau in Alzheimer’s disease,drop-confirmed,"fails two-sided filter: macroscale/theory/molecular/functional-only, no nanoscale tie"
work_0b3368a59ac0d45c,2016.0,infrastructure,Application of the radial distribution functions for quantitative analysis of neuropil microstructure in stratum radiatum of CA1 r,keep-rescued,EM neuropil quantitative analysis
work_0bb5111744eb309f,2026.0,graph_analysis,Photomapping electrically coupled networks of the mature thalamus and cortex,drop-confirmed,"fails two-sided filter: macroscale/theory/molecular/functional-only, no nanoscale tie"
work_0d8d0f74d4acd55d,2022.0,,A theory of learning with constrained weight-distribution,drop-confirmed,"fails two-sided filter: macroscale/theory/molecular/functional-only, no nanoscale tie"
work_0dc9ade7576f1fda,2016.0,,Connectome Networks: From Cells to Systems,drop-confirmed,"fails two-sided filter: macroscale/theory/molecular/functional-only, no nanoscale tie"
work_0f210c53d8261375,2020.0,graph_analysis;modeling,Multiscale comparative connectomics,keep-rescued,connectome-comparison statistics (used on nanoscale graphs)
work_0f2e576ce4d24d6a,2026.0,graph_analysis,Mapping Connectomic Structure to Function(s) in Cerebellar-like Networks using Kernel Regression,keep-rescued,connectome-constrained modeling
work_10625a8cbeb96224,2012.0,modeling,Visualization in Connectomics,keep-rescued,visualization stratum review (Pfister lineage)
work_11bd92b465e2aaf3,2025.0,graph_analysis,Rocket-crane algorithm for the Feedback Arc Set problem,drop-confirmed,"fails two-sided filter: macroscale/theory/molecular/functional-only, no nanoscale tie"
work_122af998e627d537,2018.0,,Multimodal Connectomics in Psychiatry: Bridging Scales From Micro to Macro.,drop-confirmed,"fails two-sided filter: macroscale/theory/molecular/functional-only, no nanoscale tie"
work_1425f3d37ad68edc,2024.0,,High-throughput mapping of single-neuron projection and molecular features by retrograde barcoded labeling,drop-confirmed,"fails two-sided filter: macroscale/theory/molecular/functional-only, no nanoscale tie"
work_15ac2c50e04c11f3,2018.0,graph_analysis,When tractography meets tracer injections: a systematic study of trends and variation sources of diffusion-based connectivity,drop-confirmed,"fails two-sided filter: macroscale/theory/molecular/functional-only, no nanoscale tie"
work_164ab99ff38576f9,2021.0,,Comparative connectomics of the primate social brain,drop-confirmed,"fails two-sided filter: macroscale/theory/molecular/functional-only, no nanoscale tie"
work_1667817033df6601,2018.0,,Novel insights into the spatial and temporal complexity of hypothalamic organization through precision methods allowing nanoscale ,drop-confirmed,"fails two-sided filter: macroscale/theory/molecular/functional-only, no nanoscale tie"
work_16c36532bd417889,2014.0,modeling,Axonal and dendritic density field estimation from incomplete single-slice neuronal reconstructions,drop-confirmed,"fails two-sided filter: macroscale/theory/molecular/functional-only, no nanoscale tie"
work_17a397689c02868a,2022.0,graph_analysis;modeling,Differences in the critical dynamics underlying the human and fruit-fly connectome,keep-rescued,dynamics on fly EM connectome graph
work_17aff448044a0745,2014.0,graph_analysis,Connexel visualization: a software implementation of glyphs and edge-bundling for dense connectivity data using brainGL,drop-confirmed,"fails two-sided filter: macroscale/theory/molecular/functional-only, no nanoscale tie"
work_1865ce7d1dd17a8d,2021.0,graph_analysis,A Brief History of Wires in the Brain,keep-rescued,field history essay
work_19ff016fd83b93ac,2015.0,infrastructure,Effects of homeostatic constraints on associative memory storage and synaptic connectivity of cortical circuits,drop-confirmed,"fails two-sided filter: macroscale/theory/molecular/functional-only, no nanoscale tie"
work_1b42023217df315c,2025.0,graph_analysis;infrastructure,Connectomics: Mapping the Brain's Complex Networks,drop-confirmed,"fails two-sided filter: macroscale/theory/molecular/functional-only, no nanoscale tie"
work_1b446a5a091f94da,2022.0,graph_analysis,Alzheimer’s disease rewires gene coexpression networks coupling different brain regions,drop-confirmed,"fails two-sided filter: macroscale/theory/molecular/functional-only, no nanoscale tie"
work_1b7d3ac1442704d3,2026.0,graph_analysis;infrastructure,Whole-neuron morphology and genetic identity define cell types and reveal principles of brain-wide connectivity.,drop-confirmed,"fails two-sided filter: macroscale/theory/molecular/functional-only, no nanoscale tie"
work_1c3c5fd2357f6e90,2022.0,,Unraveling Functional Diversity of Cortical Synaptic Architecture Through the Lens of Population Coding,drop-confirmed,"fails two-sided filter: macroscale/theory/molecular/functional-only, no nanoscale tie"
work_1c447d78a514ecfa,2018.0,graph_analysis;modeling,Matched Filters for Noisy Induced Subgraph Detection,drop-confirmed,"fails two-sided filter: macroscale/theory/molecular/functional-only, no nanoscale tie"
work_1c84d680f7b87889,2022.0,,Visualizing synaptic dopamine efflux with a 2D composite nanofilm,drop-confirmed,"fails two-sided filter: macroscale/theory/molecular/functional-only, no nanoscale tie"
work_1e2e923eebdef150,2023.0,,Phospholipid scramblase Xkr8 is required for developmental axon pruning via phosphatidylserine exposure,drop-confirmed,"fails two-sided filter: macroscale/theory/molecular/functional-only, no nanoscale tie"
work_1eee1624223a684e,2024.0,infrastructure,Intracellular magnesium optimizes transmission efficiency and plasticity of hippocampal synapses by reconfiguring their connectivi,drop-confirmed,"fails two-sided filter: macroscale/theory/molecular/functional-only, no nanoscale tie"
work_20ff525d6c1a00df,2024.0,,Transient Impairment in Microglial Function Causes Sex-Specific Deficits in Synaptic and Hippocampal Function in Mice Exposed to E,drop-confirmed,"fails two-sided filter: macroscale/theory/molecular/functional-only, no nanoscale tie"
work_213bd181973034b5,2020.0,graph_analysis;modeling,Creative destruction: Sparse activity emerges on the mammal connectome under a simulated communication strategy with collisions an,drop-confirmed,"fails two-sided filter: macroscale/theory/molecular/functional-only, no nanoscale tie"
work_21faf952fda7708d,2021.0,graph_analysis;infrastructure;modeling,Progress towards a cellularly resolved mouse mesoconnectome is empowered by data fusion and new neuroanatomy techniques.,drop-confirmed,"fails two-sided filter: macroscale/theory/molecular/functional-only, no nanoscale tie"
work_2241b9b401acc9e2,2014.0,,The Big Data Problem: Turning Maps into Knowledge,keep-rescued,big-data connectomics commentary
work_24591202ea00f970,2026.0,modeling,From Connectome to Cognition: Building the First Digital Organism,keep-rescued,C. elegans emulation (structure-to-function)
work_27e88a0ccdbba06d,2023.0,graph_analysis,A hierarchy index for networks in the brain reveals a complex entangled organizational structure,drop-confirmed,"fails two-sided filter: macroscale/theory/molecular/functional-only, no nanoscale tie"
work_2907fb4fa059c6fc,2014.0,,Impaired activity-dependent neural circuit assembly and refinement in autism spectrum disorder genetic models,drop-confirmed,"fails two-sided filter: macroscale/theory/molecular/functional-only, no nanoscale tie"
work_2b21fd53a734b207,2025.0,graph_analysis,Integrated Classification of Cortical Cells and Quantitative Projectomic Mapping Unveil Organizational Principles of Brain-Wide Co,drop-confirmed,"fails two-sided filter: macroscale/theory/molecular/functional-only, no nanoscale tie"
work_2f409874ec73fe00,2013.0,graph_analysis;infrastructure,Toward the Drosophila connectome: structural analysis of the brain network,keep-rescued,fly brain network structural analysis
work_34eca68ee456ee93,2020.0,graph_analysis,"Explosive, continuous and frustrated synchronization transition in spiking Hodgkin–Huxley neural networks: The role of topology an",drop-confirmed,"fails two-sided filter: macroscale/theory/molecular/functional-only, no nanoscale tie"
work_3a04d60d1153548a,2019.0,graph_analysis,Single‐neuron axonal reconstruction: The search for a wiring diagram of the brain,drop-confirmed,"fails two-sided filter: macroscale/theory/molecular/functional-only, no nanoscale tie"
work_3f1826f13366209a,2026.0,infrastructure,Toward a foundational brain model of intelligence.,drop-confirmed,"fails two-sided filter: macroscale/theory/molecular/functional-only, no nanoscale tie"
work_404e1398f29ac566,2026.0,graph_analysis;infrastructure,Multiple coexisting pathways to synchronization shape seizure dynamics in a mesoscale mouse brain model,drop-confirmed,"fails two-sided filter: macroscale/theory/molecular/functional-only, no nanoscale tie"
work_4056ab75c914db70,2013.0,graph_analysis,Vertex nomination schemes for membership prediction,drop-confirmed,"fails two-sided filter: macroscale/theory/molecular/functional-only, no nanoscale tie"
work_424344120bcd28bd,2025.0,,Distinguish risk genes functioning at presynaptic or postsynaptic regions and key connectomes associated with pathological α-synuc,drop-confirmed,"fails two-sided filter: macroscale/theory/molecular/functional-only, no nanoscale tie"
work_43b7faaf8820340a,2025.0,graph_analysis;infrastructure,Symmetries of Living Systems: Symmetry Fibrations and Synchronization in Biological Networks,drop-confirmed,"fails two-sided filter: macroscale/theory/molecular/functional-only, no nanoscale tie"
work_44b42b742b2087f0,2023.0,graph_analysis,Predicting distributed working memory activity in a large-scale mouse brain: the importance of the cell type-specific connectome,drop-confirmed,"fails two-sided filter: macroscale/theory/molecular/functional-only, no nanoscale tie"
work_452c63f080d3a726,2013.0,,Connectomics: The dense reconstruction of neuronal circuits using volume electron microscopy,keep-rescued,dense vEM reconstruction review
work_4705ee19f49ae2b4,2022.0,,A global timing mechanism regulates cell-type-specific wiring programmes,drop-confirmed,"fails two-sided filter: macroscale/theory/molecular/functional-only, no nanoscale tie"
work_473c2b2f7d586069,2015.0,graph_analysis;modeling,Cerebral cartography and connectomics,drop-confirmed,"fails two-sided filter: macroscale/theory/molecular/functional-only, no nanoscale tie"
work_47a95169180f7b39,2019.0,modeling,Inference of synaptic connectivity and external variability in neural microcircuits,drop-confirmed,"fails two-sided filter: macroscale/theory/molecular/functional-only, no nanoscale tie"
work_4a3e75dfbab9096e,2026.0,,Adult Clock Neuron Somatic Neuropeptide Release and Cytonemes Regulate Sleep,drop-confirmed,"fails two-sided filter: macroscale/theory/molecular/functional-only, no nanoscale tie"
work_4b3bfeede41c04c0,2016.0,,Super-Resolution Mapping of Neuronal Circuitry With an Index-Optimized Clearing Agent.,keep-rescued,clearing+super-resolution circuit mapping (alt modality)
work_4c9a911feecbe13c,2025.0,,Enriched experience increases reciprocal synaptic connectivity and coding sparsity in higher-order cortex,drop-confirmed,"fails two-sided filter: macroscale/theory/molecular/functional-only, no nanoscale tie"
work_4cb5df5727006bd0,2017.0,graph_analysis;infrastructure,Digital tissue and what it may reveal about the brain,keep-rescued,field essay (digital tissue)
work_4ced3a721c9acbc2,2026.0,graph_analysis;infrastructure;modeling,Neuromodulation supports robust rhythmic pattern transitions in degenerate central pattern generators with fixed connectivity,drop-confirmed,"fails two-sided filter: macroscale/theory/molecular/functional-only, no nanoscale tie"
work_4de777fd03b81fa4,2024.0,graph_analysis,An algorithm for identifying task-specific brain subnetworks using the visuomotor system as an example,drop-confirmed,"fails two-sided filter: macroscale/theory/molecular/functional-only, no nanoscale tie"
work_4f78bbf96074b734,2025.0,,Gradients of Cell Recognition Molecules Wire Visuomotor Transformation,drop-confirmed,"fails two-sided filter: macroscale/theory/molecular/functional-only, no nanoscale tie"
work_502f3fcda5afe2ef,2023.0,graph_analysis;infrastructure,Exercise alters cortico-basal ganglia network functional connectivity: A mesoscopic level analysis informed by anatomic parcellati,drop-confirmed,"fails two-sided filter: macroscale/theory/molecular/functional-only, no nanoscale tie"
work_5068984fac4abafd,2019.0,,DNA sequencing in high-throughput neuroanatomy.,keep-rescued,sequencing connectomics review (alt modality)
work_5092343a6dff0855,2024.0,graph_analysis,Markov Processes and Brain Network Hubs,drop-confirmed,"fails two-sided filter: macroscale/theory/molecular/functional-only, no nanoscale tie"
work_50d4ca5184367aa3,2017.0,graph_analysis,Q&A: Why use synchrotron x-ray tomography for multi-scale connectome mapping?,keep-rescued,X-ray tomography modality
work_51c880b1d507bd3d,2021.0,infrastructure,The effects of microglia on tauopathy progression can be quantified using Nexopathy in silico (Nexis) models,drop-confirmed,"fails two-sided filter: macroscale/theory/molecular/functional-only, no nanoscale tie"
work_529425ff530a893f,2014.0,graph_analysis,Structured Connectivity in Cerebellar Inhibitory Networks,drop-confirmed,"fails two-sided filter: macroscale/theory/molecular/functional-only, no nanoscale tie"
work_52b939fbc87f459e,2025.0,graph_analysis,Fluctuation-dissipation of the Kuramoto model on fruit-fly connectomes,keep-rescued,dynamics on fly EM connectome graph
work_52ec108909a440ab,2025.0,graph_analysis;modeling,Brain volume predicts survival of colliding-spreading messages on mammal brain networks,drop-confirmed,"fails two-sided filter: macroscale/theory/molecular/functional-only, no nanoscale tie"
work_530500d5198cf600,2024.0,graph_analysis,Structural changes shaping the Drosophila ellipsoid body ER-neurons during development and aging.,keep-rescued,fly CX structural development
work_53a975ca4457a801,2016.0,,Insulin-like Growth Factor 1 for Healthy Spines and Healthy Minds?,drop-confirmed,"fails two-sided filter: macroscale/theory/molecular/functional-only, no nanoscale tie"
work_541335ae5cacedf3,2018.0,graph_analysis,Sizing complex networks,drop-confirmed,"fails two-sided filter: macroscale/theory/molecular/functional-only, no nanoscale tie"
work_55afa73b6c08e935,2019.0,infrastructure,Ultrastructural Changes in Brain Stem Pathways in a Patient with Ataxia Associated with SPG7 Mutations (P1.8-006),keep-rescued,human ultrastructure pathology (health bridge)
work_582e1c76adbb758d,2021.0,,Excess interictal activity marks seizure prone cortical areas and mice in a genetic epilepsy model,drop-confirmed,"fails two-sided filter: macroscale/theory/molecular/functional-only, no nanoscale tie"
work_58a01d3dacde814f,2024.0,,Experience-Dependent Remodeling of Juvenile Brain Olfactory Sensory Neuron Synaptic Connectivity in an Early-Life Critical Period,drop-confirmed,"fails two-sided filter: macroscale/theory/molecular/functional-only, no nanoscale tie"
work_593e9ed3ab744e30,2020.0,graph_analysis,Axo-axonic Synapses: Diversity in Neural Circuit Function,keep-rescued,axo-axonic synapse review
work_59c99b603e8a4641,2015.0,,Connectome of the fly visual circuitry.,keep-rescued,fly visual circuitry EM connectome
work_59e0aae4c48bf275,2026.0,infrastructure,Overcoming Perfusion Impairment in the Ischemic Brain: A Review,drop-confirmed,"fails two-sided filter: macroscale/theory/molecular/functional-only, no nanoscale tie"
work_5a217fc9180eb033,2023.0,graph_analysis,Long-range connectome of pyramidal neurons in the sensorimotor cortex,drop-confirmed,"fails two-sided filter: macroscale/theory/molecular/functional-only, no nanoscale tie"
work_5cc273635dda9bdd,2018.0,,A regularity index for dendrites - local statistics of a neuron's input space,drop-confirmed,"fails two-sided filter: macroscale/theory/molecular/functional-only, no nanoscale tie"
work_5e8c3be0c96f3f97,2026.0,infrastructure,A Physics-Inspired Neural Network Framework for Nanoscale Biological Slice Thickness Measurement,keep-rescued,vEM section-thickness method
work_5eac4903bf9cd936,2020.0,,"NIMG-13. GENETIC, CELLULAR, AND CONNECTOMIC CHARACTERIZATION OF THE ADULT HUMAN BRAIN REGIONS COMMONLY PLAGUED BY GLIOMA",drop-confirmed,"fails two-sided filter: macroscale/theory/molecular/functional-only, no nanoscale tie"
work_603f7f3189279d00,2021.0,,Avian pallial circuits and cognition: A comparison to mammals.,drop-confirmed,"fails two-sided filter: macroscale/theory/molecular/functional-only, no nanoscale tie"
work_6194ff64e893458d,2020.0,,Synaptic diversity naturally arises from neural decoding of heterogeneous populations,drop-confirmed,"fails two-sided filter: macroscale/theory/molecular/functional-only, no nanoscale tie"
work_6212be61070586b3,2012.0,graph_analysis,From functional architecture to functional connectomics,keep-rescued,functional connectomics essay (Reid)
work_632600d5b9961b96,2025.0,graph_analysis,Neural Networks of the Mouse Primary Visceromotor Cortex,drop-confirmed,"fails two-sided filter: macroscale/theory/molecular/functional-only, no nanoscale tie"
work_63ac75098fea704e,2022.0,graph_analysis,The mouse claustrum synaptically connects cortical network motifs,drop-confirmed,"fails two-sided filter: macroscale/theory/molecular/functional-only, no nanoscale tie"
work_641578dd51d3aa3a,2020.0,graph_analysis;modeling,Graph Signal Processing of Indefinite and Complex Graphs using Directed Variation,drop-confirmed,"fails two-sided filter: macroscale/theory/molecular/functional-only, no nanoscale tie"
work_6779fed0fab266f1,2026.0,graph_analysis;infrastructure;modeling,Topological Sensitivity in Connectome-Constrained Neural Networks,keep-rescued,connectome-constrained NN analysis
work_67af47ece63db8f0,2020.0,graph_analysis,Microtubule Tracking in Electron Microscopy Volumes,keep-rescued,EM computer-vision method
work_6892183b6e8966a6,2018.0,graph_analysis,Topology of the mesoscale connectome of the mouse brain,drop-confirmed,"fails two-sided filter: macroscale/theory/molecular/functional-only, no nanoscale tie"
work_68b4bcecab20e9f8,2022.0,,Fast z-focus controlling and multiplexing strategies for multiplane two-photon imaging of neural dynamics.,drop-confirmed,"fails two-sided filter: macroscale/theory/molecular/functional-only, no nanoscale tie"
work_69eab38f3c80cc87,2013.0,,Mapping mammalian synaptic connectivity,keep-rescued,synaptic-connectivity mapping review
work_6a0535f78a5e6555,2024.0,graph_analysis;infrastructure,"The meso-connectomes of mouse, marmoset, and macaque: network organization and the emergence of higher cognition",drop-confirmed,"fails two-sided filter: macroscale/theory/molecular/functional-only, no nanoscale tie"
work_6b1e50c7fd263430,2026.0,,Deciphering intercellular communication in the cerebellar external granule layer: Insights into non-classical connections in neura,drop-confirmed,"fails two-sided filter: macroscale/theory/molecular/functional-only, no nanoscale tie"
work_6bd814770dd59274,2020.0,,"Astroglia-specific contributions to the regulation of synapses, cognition and behaviour.",drop-confirmed,"fails two-sided filter: macroscale/theory/molecular/functional-only, no nanoscale tie"
work_6bef1584a99628b5,2016.0,graph_analysis;infrastructure,A Multicore Path to Connectomics-on-Demand,keep-rescued,segmentation systems (connectomics-on-demand)
work_6c644898f337026e,2020.0,,Cellular and circuit mechanisms of olfactory associative learning in Drosophila,keep-rescued,fly circuit review (MB)
work_700ac102f4fb80b1,2025.0,infrastructure;modeling,"How tp1, an indirect wing steering muscle, stabilizes Drosophila’s flight",keep-rescued,fly motor circuit (MANC-era)
work_701eda426af92362,2017.0,graph_analysis,Versatility of nodal affiliation to communities,drop-confirmed,"fails two-sided filter: macroscale/theory/molecular/functional-only, no nanoscale tie"
work_71dbb3089cc06ddf,2024.0,modeling,A Differentiable Approach to Multi-scale Brain Modeling,drop-confirmed,"fails two-sided filter: macroscale/theory/molecular/functional-only, no nanoscale tie"
work_7216e2255c3134f7,2018.0,graph_analysis,On Estimation and Inference in Latent Structure Random Graphs,drop-confirmed,"fails two-sided filter: macroscale/theory/molecular/functional-only, no nanoscale tie"
work_7225417aa5d4c255,2018.0,,Emergence of V1 connectivity pattern and Hebbian rule in a performance-optimized artificial neural network,drop-confirmed,"fails two-sided filter: macroscale/theory/molecular/functional-only, no nanoscale tie"
work_7277de2c14cca629,2025.0,,Anti-diuretic hormone ITP signals via a guanylate cyclase receptor to modulate systemic homeostasis in Drosophila,drop-confirmed,"fails two-sided filter: macroscale/theory/molecular/functional-only, no nanoscale tie"
work_7599ba180a4cf46f,2024.0,graph_analysis;modeling,Centralized brain networks underlie body part coordination during grooming,keep-rescued,fly connectome-based behavior circuit
work_75ab574f93891fc1,2022.0,graph_analysis;infrastructure;modeling,Brain chains as topological signatures for Alzheimer’s disease,drop-confirmed,"fails two-sided filter: macroscale/theory/molecular/functional-only, no nanoscale tie"
work_75f60831e1632c27,2019.0,,Feedforward Thalamocortical Connectivity Preserves Stimulus Timing Information in Sensory Pathways,drop-confirmed,"fails two-sided filter: macroscale/theory/molecular/functional-only, no nanoscale tie"
work_76cf86007e3f5baf,2025.0,graph_analysis;infrastructure,Visualizing Drosophila connectome with multiview light-sheet macrophotography and iterative expansion microscopy,keep-rescued,expansion-microscopy connectomics
work_773cdf88a2616296,2025.0,modeling,Multiscale brain modeling: bridging microscopic and macroscopic brain dynamics for clinical and technological applications,drop-confirmed,"fails two-sided filter: macroscale/theory/molecular/functional-only, no nanoscale tie"
work_7761782e46e5beac,2022.0,graph_analysis;infrastructure;modeling,Statistical perspective on functional and causal neural connectomics: The Time-Aware PC algorithm,drop-confirmed,"fails two-sided filter: macroscale/theory/molecular/functional-only, no nanoscale tie"
work_7a1562d871a3be12,2019.0,graph_analysis,The human connectome from an evolutionary perspective.,drop-confirmed,"fails two-sided filter: macroscale/theory/molecular/functional-only, no nanoscale tie"
work_7a4e052848e9ed49,2024.0,graph_analysis;modeling,Directed and acyclic synaptic connectivity in the human layer 2-3 cortical microcircuit,keep-rescued,multipatch human microcircuit synaptic map (alt modality)
work_7a9ee048a1e92b21,2025.0,,"An integrated anatomical, functional and evolutionary view of the Drosophila olfactory system",keep-rescued,fly olfactory system connectome-era review
work_7aea9f3f486f8e03,2021.0,graph_analysis,Whole-Brain Reconstruction of Neurons in the Ventral Pallidum Reveals Diverse Projection Patterns,drop-confirmed,"fails two-sided filter: macroscale/theory/molecular/functional-only, no nanoscale tie"
work_7b3b7858df07f36b,2014.0,modeling,"Physics, emergence, and the connectome.",drop-confirmed,"fails two-sided filter: macroscale/theory/molecular/functional-only, no nanoscale tie"
work_7b69c0d654c6eb2e,2002.0,,Geometry and structural plasticity of synaptic connectivity.,keep-rescued,potential-connectivity theory (Chklovskii)
work_7c0b6a0c16147a76,2025.0,,Direct dependencies between neurons explain activity,drop-confirmed,"fails two-sided filter: macroscale/theory/molecular/functional-only, no nanoscale tie"
work_7c6166a6cee7212b,2024.0,graph_analysis;infrastructure,High-Complexity Barcoded Rabies Virus for Scalable Circuit Mapping Using Single-Cell and Single-Nucleus Sequencing,keep-rescued,barcoded monosynaptic rabies (alt modality)
work_7c688ddd3be395b9,2021.0,,A historical perspective on training students to create standardized maps of novel brain structure: Newly-uncovered resonances bet,keep-rescued,training/people-development history
work_7d1ccb8d643fe44b,2013.0,graph_analysis;infrastructure,Computing scalable multivariate glocal invariants of large (brain-) graphs,drop-confirmed,"fails two-sided filter: macroscale/theory/molecular/functional-only, no nanoscale tie"
work_7d516680b10a2d2b,2013.0,,Mapping Connectivity in the Developing Brain,drop-confirmed,"fails two-sided filter: macroscale/theory/molecular/functional-only, no nanoscale tie"
work_7dd7962792f95bf5,2024.0,,Volume Electron Microscopy for Genetically and Molecularly Defined Neural Circuits.,keep-rescued,vEM for defined circuits (method)
work_7e2f34287e7eb3ad,2021.0,,Developmental mechanisms underlying circuit wiring: Novel insights and challenges ahead,drop-confirmed,"fails two-sided filter: macroscale/theory/molecular/functional-only, no nanoscale tie"
work_7ea8cdfa5d969915,2022.0,,Astrocyte-neuron crosstalk through Hedgehog signaling mediates cortical synapse development,drop-confirmed,"fails two-sided filter: macroscale/theory/molecular/functional-only, no nanoscale tie"
work_7f99dc37a1c7d869,2025.0,,The many lives of an oligodendrocyte precursor cell,drop-confirmed,"fails two-sided filter: macroscale/theory/molecular/functional-only, no nanoscale tie"
work_7fc3e9d7cd85be30,2026.0,graph_analysis,Bridging the microstructural gap in human connectomics using hierarchical phase-contrast tomography as a reference for diffusion M,keep-rescued,X-ray HiP-CT human connectomics modality
work_81c0fdc6a538cfed,2014.0,,Mapping circuits beyond the models: integrating connectomics and comparative neuroscience.,keep-rescued,comparative connectomics commentary
work_82ea545966f8fa3e,2016.0,graph_analysis,Modern Methods for Interrogating the Human Connectome,drop-confirmed,"fails two-sided filter: macroscale/theory/molecular/functional-only, no nanoscale tie"
work_82ff9898cca049ee,2020.0,graph_analysis;modeling,Persistence of hierarchical network organization and emergent topologies in models of functional connectivity,drop-confirmed,"fails two-sided filter: macroscale/theory/molecular/functional-only, no nanoscale tie"
work_8470676def87adc9,2026.0,graph_analysis,POINTseq: cell-type-specific barcoding reveals single-cell projection architecture of the mouse dopaminergic system,drop-confirmed,"fails two-sided filter: macroscale/theory/molecular/functional-only, no nanoscale tie"
work_84abe72fb4e55607,2020.0,infrastructure,Network neuroscience and the connectomics revolution,drop-confirmed,"fails two-sided filter: macroscale/theory/molecular/functional-only, no nanoscale tie"
work_853362dc6ff9c35b,2025.0,,Key Connectomes and Synaptic‐Compartment‐Specific Risk Genes Drive Pathological α‐Synuclein Spreading,drop-confirmed,"fails two-sided filter: macroscale/theory/molecular/functional-only, no nanoscale tie"
work_853a67f3b3bce4e6,2018.0,,Preparation of Acute Brain Slices Using an Optimized N-Methyl-D-glucamine Protective Recovery Method,drop-confirmed,"fails two-sided filter: macroscale/theory/molecular/functional-only, no nanoscale tie"
work_85df1ad0a08ba192,2023.0,graph_analysis;infrastructure,Brain connectomics: time for a molecular imaging perspective?,drop-confirmed,"fails two-sided filter: macroscale/theory/molecular/functional-only, no nanoscale tie"
work_861d13773b8b6e2d,2019.0,graph_analysis;modeling,A Brief History of Simulation Neuroscience,drop-confirmed,"fails two-sided filter: macroscale/theory/molecular/functional-only, no nanoscale tie"
work_87c076771ae6ecb0,2025.0,modeling,Brain connectivity drives tau presence while regional vulnerability drives tau load in Alzheimer's disease,drop-confirmed,"fails two-sided filter: macroscale/theory/molecular/functional-only, no nanoscale tie"
work_885fd04a0c9e3cfa,2026.0,graph_analysis;infrastructure;modeling,DigiMus: a connectome-informed spiking framework for multi-region mouse neural-behavior modeling,drop-confirmed,"fails two-sided filter: macroscale/theory/molecular/functional-only, no nanoscale tie"
work_88ba0a670054d7b9,2009.0,,The Fragile X Mental Retardation Protein in Circadian Rhythmicity and Memory Consolidation,drop-confirmed,"fails two-sided filter: macroscale/theory/molecular/functional-only, no nanoscale tie"
work_894a7ff84d58ec7c,2021.0,,Synaptogenic activity of the axon guidance molecule Robo2 underlies hippocampal circuit function,drop-confirmed,"fails two-sided filter: macroscale/theory/molecular/functional-only, no nanoscale tie"
work_8c552c741c234d42,2026.0,graph_analysis,Partners in plasticity: serotonergic glial interactions in brain circuit remodeling,drop-confirmed,"fails two-sided filter: macroscale/theory/molecular/functional-only, no nanoscale tie"
work_8d04af73e3e2c144,2023.0,,Asymmetric Presynaptic Depletion of Dopamine Neurons in a Drosophila Model of Parkinson’s Disease,drop-confirmed,"fails two-sided filter: macroscale/theory/molecular/functional-only, no nanoscale tie"
work_8d259f8c6f69999e,2016.0,,Advanced Fluorescence Protein-Based Synapse-Detectors,keep-rescued,synapse-detector tools review (alt modality)
work_8d553c90fb7e2b6e,2022.0,graph_analysis,LRRTM3 regulates activity-dependent synchronization of synapse properties in topographically connected hippocampal neural circuits,drop-confirmed,"fails two-sided filter: macroscale/theory/molecular/functional-only, no nanoscale tie"
work_8ef597d9b53d5869,2022.0,,Future Directions for Chemosensory Connectomes: Best Practices and Specific Challenges,keep-rescued,chemosensory connectomes directions
work_8f2d73f1d0e0367a,2025.0,,Four neurons pattern brain-wide developmental activity through neuropeptide signaling,drop-confirmed,"fails two-sided filter: macroscale/theory/molecular/functional-only, no nanoscale tie"
work_92a24ba81c8e5978,2017.0,,Mapping the connectome in awake surgery for gliomas: an update.,drop-confirmed,"fails two-sided filter: macroscale/theory/molecular/functional-only, no nanoscale tie"
work_9388ccb7e7e830c1,2021.0,,Confocal Bessel Beam Light-sheet and Expansion Microscopy for Axonal Connectomics of Mammalian Brains,keep-rescued,ExM axonal connectomics
work_971a4ba72345218e,2026.0,graph_analysis;modeling,Inferring state-dependent functional circuit motifs using higher-order interactions analysis,drop-confirmed,"fails two-sided filter: macroscale/theory/molecular/functional-only, no nanoscale tie"
work_97f41e44e771df3f,2022.0,graph_analysis,Simplex Closing Probabilities in Directed Graphs,drop-confirmed,"fails two-sided filter: macroscale/theory/molecular/functional-only, no nanoscale tie"
work_97f48fe8229c5ca1,2024.0,,Future avenues in Drosophila mushroom body research,keep-rescued,fly MB connectome-era review
work_9ca6628105d0c4ad,2023.0,,Technical report: surgical preparation of human brain tissue for clinical and basic research,keep-rescued,human tissue surgical preparation (prep/health)
work_9ca8460cc0327e9f,2020.0,infrastructure,Brain Connectomes Come of Age,drop-confirmed,"fails two-sided filter: macroscale/theory/molecular/functional-only, no nanoscale tie"
work_9f1fa6649aef5d3c,2025.0,graph_analysis;infrastructure;modeling,Organization and Community Usage of a Neuron Type Circuitry Knowledge Base of the Hippocampal Formation,keep-rescued,circuit knowledge-base infrastructure
work_a1d7f92d9b93910a,2025.0,,Synaptic connectivity mapping among thousands of neurons via parallelized intracellular recording with a microhole electrode array,keep-rescued,parallel intracellular synaptic mapping (alt modality)
work_a23fdbf1a9ce14a7,2020.0,graph_analysis,Anatomy of nerve fiber bundles at micrometer-resolution in the vervet monkey visual system,drop-confirmed,"fails two-sided filter: macroscale/theory/molecular/functional-only, no nanoscale tie"
work_a276a8f78d1e7711,2023.0,graph_analysis,Integrating multimodal and multiscale connectivity blueprints of the human cerebral cortex in health and disease,drop-confirmed,"fails two-sided filter: macroscale/theory/molecular/functional-only, no nanoscale tie"
work_a35b2a0f4328b341,2017.0,,Skull optical clearing window for in vivo imaging of the mouse cortex at synaptic resolution,keep-rescued,in vivo synaptic-resolution imaging method
work_a57783ce23fca41d,2025.0,graph_analysis;infrastructure,Controllability analysis of macaque structural connectome from an edge centric perspective,drop-confirmed,"fails two-sided filter: macroscale/theory/molecular/functional-only, no nanoscale tie"
work_a5a5a1b66ee789bc,2021.0,graph_analysis,Topographic connectivity and cellular profiling reveal detailed input pathways and functionally distinct cell types in the subthal,drop-confirmed,"fails two-sided filter: macroscale/theory/molecular/functional-only, no nanoscale tie"
work_a8301f93442a5582,2021.0,graph_analysis;infrastructure;modeling,Subgraph nomination: query by example subgraph retrieval in networks,drop-confirmed,"fails two-sided filter: macroscale/theory/molecular/functional-only, no nanoscale tie"
work_a8500957e8164024,2026.0,graph_analysis;infrastructure;modeling,Heterogeneous synaptic motifs bridge microscale structure and macroscale nonlinear dynamics,drop-confirmed,"fails two-sided filter: macroscale/theory/molecular/functional-only, no nanoscale tie"
work_a900dd5838645dcc,2018.0,graph_analysis,Preserved Structural Network Organization Mediates Pathology Spread in Alzheimer’s Disease Spectrum Despite Loss of White Matter T,drop-confirmed,"fails two-sided filter: macroscale/theory/molecular/functional-only, no nanoscale tie"
work_a9283c4cc9510a89,2023.0,,Cellular and laminar architecture: A short history and commentary,drop-confirmed,"fails two-sided filter: macroscale/theory/molecular/functional-only, no nanoscale tie"
work_aaa2b75389c9ea4f,2025.0,,Directionality bias underpins divergent spatiotemporal progression of Alzheimer‐related tauopathy in mouse models,drop-confirmed,"fails two-sided filter: macroscale/theory/molecular/functional-only, no nanoscale tie"
work_ab5ed7d2da38a631,2018.0,graph_analysis;infrastructure,From Matrices to Knowledge: Using Semantic Networks to Annotate the Connectome,keep-rescued,connectome annotation/semantics infrastructure
work_ab6296b9c563d6c0,2025.0,graph_analysis;infrastructure,Restoring Network Evolution from Static Structure,drop-confirmed,"fails two-sided filter: macroscale/theory/molecular/functional-only, no nanoscale tie"
work_adc47fb958b56981,2025.0,graph_analysis,Flexible Steering and Conflict Resolution: Pro-Goal/Anti-Goal Gating in Drosophila Lateral Accessory Lobes,keep-rescued,connectome-informed fly circuit
work_af073d72321fd44f,2024.0,graph_analysis,AD Pathology Spreading Detection Using Directional Motifs in Brain Connectomes,drop-confirmed,"fails two-sided filter: macroscale/theory/molecular/functional-only, no nanoscale tie"
work_aff22bed5643522c,2017.0,graph_analysis,Multi-transmitter neurons in the mammalian central nervous system,drop-confirmed,"fails two-sided filter: macroscale/theory/molecular/functional-only, no nanoscale tie"
work_b0f78721c583f805,2024.0,,New rabies viral resources for multi-scale neural circuit mapping,keep-rescued,monosynaptic rabies tools (alt modality)
work_b53d942937a15cc8,2021.0,,Brain injury environment critically influences the connectivity of transplanted neurons,drop-confirmed,"fails two-sided filter: macroscale/theory/molecular/functional-only, no nanoscale tie"
work_b615c7f2d7acb6f5,2021.0,,Anatomical and functional connectomes underlying hierarchical visual processing in mouse visual system,drop-confirmed,"fails two-sided filter: macroscale/theory/molecular/functional-only, no nanoscale tie"
work_b690ec4d0c358a16,2008.0,modeling,"The Neuroanatomist's Dream, the Problems and Solutions, and the Ultimate Aim",keep-rescued,circuit-reconstruction field essay
work_b6c3b27d69c61fa3,2017.0,graph_analysis,Label-free volumetric optical imaging of intact murine brains,drop-confirmed,"fails two-sided filter: macroscale/theory/molecular/functional-only, no nanoscale tie"
work_b833458e7c3a0bc0,2021.0,graph_analysis;infrastructure,Statistical Perspective on Functional and Causal Neural Connectomics: A Comparative Study,drop-confirmed,"fails two-sided filter: macroscale/theory/molecular/functional-only, no nanoscale tie"
work_b8ad6936479c6e73,2022.0,,Genetically encoded sensors for analysing neurotransmission among synaptically-connected neurons,drop-confirmed,"fails two-sided filter: macroscale/theory/molecular/functional-only, no nanoscale tie"
work_b8d5a00c3d287d93,2021.0,graph_analysis,Dense functional and molecular readout of a circuit hub in sensory cortex,drop-confirmed,"fails two-sided filter: macroscale/theory/molecular/functional-only, no nanoscale tie"
work_ba33cffaec20fe30,2020.0,,Dopamine neuron synaptic connectivity defines physiological striatal domains,drop-confirmed,"fails two-sided filter: macroscale/theory/molecular/functional-only, no nanoscale tie"
work_bb2d4b0826e2349f,2016.0,graph_analysis,Discovering and deciphering relationships across disparate data modalities,drop-confirmed,"fails two-sided filter: macroscale/theory/molecular/functional-only, no nanoscale tie"
work_bbba095fdc38c6d5,2020.0,,SEQUIN multiscale imaging of mammalian central synapses reveals loss of synaptic connectivity resulting from diffuse traumatic bra,keep-rescued,synapse-scale LM quantification (SEQUIN)
work_bde35d55d50cc5b1,2021.0,,Determinants of functional synaptic connectivity among amygdala-projecting prefrontal cortical neurons in male mice,drop-confirmed,"fails two-sided filter: macroscale/theory/molecular/functional-only, no nanoscale tie"
work_c0a8bda8715ea8bf,2021.0,,Hippocampal and thalamic afferents form distinct synaptic microcircuits in the mouse frontal cortex,drop-confirmed,"fails two-sided filter: macroscale/theory/molecular/functional-only, no nanoscale tie"
work_c100d45c17eea38c,2024.0,graph_analysis;infrastructure,VF2-PS: Parallel and Scalable Subgraph Monomorphism in Arachne,drop-confirmed,"fails two-sided filter: macroscale/theory/molecular/functional-only, no nanoscale tie"
work_c2676d5e17644f9a,2019.0,,Synaptic Connectivity and Cortical Maturation Are Promoted by the ω-3 Fatty Acid Docosahexaenoic Acid.,drop-confirmed,"fails two-sided filter: macroscale/theory/molecular/functional-only, no nanoscale tie"
work_c2b70a013a556fea,2009.0,,Activity-Dependent Modulation of Neural Circuit Synaptic Connectivity,drop-confirmed,"fails two-sided filter: macroscale/theory/molecular/functional-only, no nanoscale tie"
work_c2e4c49bfa73df15,2025.0,infrastructure,A Network of Biologically Inspired Rectified Spectral Units (ReSUs) Learns Hierarchical Features Without Error Backpropagation,drop-confirmed,"fails two-sided filter: macroscale/theory/molecular/functional-only, no nanoscale tie"
work_c3b0d29497a3dbf7,2009.0,modeling,Reconstruction of Sparse Circuits Using Multi-neuronal Excitation (RESCUME),keep-rescued,optical sparse-circuit reconstruction method
work_c5d4203ffdbb350d,2019.0,,Multiplexed peroxidase-based electron microscopy labeling enables simultaneous visualization of multiple cell types,keep-rescued,multiplexed EM labeling method
work_c5ff70e75a7e41e0,2024.0,graph_analysis;infrastructure;modeling,The Syncytial Mesh Model: A Mesoscale Control-Field Framework for Scale-Dependent Coherence in the Brain,drop-confirmed,"fails two-sided filter: macroscale/theory/molecular/functional-only, no nanoscale tie"
work_c69a828cba4d708c,2021.0,,Multi-Scale Light-Sheet Fluorescence Microscopy for Fast Whole Brain Imaging,drop-confirmed,"fails two-sided filter: macroscale/theory/molecular/functional-only, no nanoscale tie"
work_c75e4516d8791df4,2015.0,,Large-scale imaging in small brains,drop-confirmed,"fails two-sided filter: macroscale/theory/molecular/functional-only, no nanoscale tie"
work_c9424ed42c88b962,2025.0,graph_analysis;infrastructure,Stochastic activity in low-rank recurrent neural networks,drop-confirmed,"fails two-sided filter: macroscale/theory/molecular/functional-only, no nanoscale tie"
work_c9bf6cbc3f5f5e1f,2026.0,,vEMINR: Ultra‐Fast Isotropic Reconstruction for Volume Electron Microscopy With Implicit Neural Representation,keep-rescued,vEM isotropic reconstruction method
work_ca8ca78f7057ee3b,2011.0,graph_analysis;modeling,Modelling human connectome development: precursors to neural circuits,drop-confirmed,"fails two-sided filter: macroscale/theory/molecular/functional-only, no nanoscale tie"
work_cc91c8e0ef1cec88,2017.0,,Connectomics and other novel methods for examining neural systems.,drop-confirmed,"fails two-sided filter: macroscale/theory/molecular/functional-only, no nanoscale tie"
work_ccbaaa9ecd746d77,2017.0,,Fragile X Mental Retardation Protein Requirements in Activity-Dependent Critical Period Neural Circuit Refinement,drop-confirmed,"fails two-sided filter: macroscale/theory/molecular/functional-only, no nanoscale tie"
work_cdaba67073fdedc2,2012.0,graph_analysis,Identifying behavioral circuits in Drosophila melanogaster: Moving targets in a flying insect,keep-rescued,fly behavioral circuits review
work_ce3ce4f931b86f19,2011.0,,On the Estimation of Population-Specific Synaptic Currents from Laminar Multielectrode Recordings,drop-confirmed,"fails two-sided filter: macroscale/theory/molecular/functional-only, no nanoscale tie"
work_ce404f1256e58715,2019.0,,The hippocampus of birds in a view of evolutionary connectomics.,keep-rescued,evolutionary connectomics view
work_cf6c526fb507888e,2023.0,,Advanced Immunolabeling Method for Optical Volumetric Imaging Reveals Dystrophic Neurites of Dopaminergic Neurons in Alzheimer’s D,drop-confirmed,"fails two-sided filter: macroscale/theory/molecular/functional-only, no nanoscale tie"
work_cf8597f57b9fa631,2019.0,,Reprint of: Mapping human brain lesions and their functional consequences,drop-confirmed,"fails two-sided filter: macroscale/theory/molecular/functional-only, no nanoscale tie"
work_d14875b87853734d,2022.0,graph_analysis,Mapping brain-wide excitatory projectome of primate prefrontal cortex at submicron resolution and comparison with diffusion tracto,drop-confirmed,"fails two-sided filter: macroscale/theory/molecular/functional-only, no nanoscale tie"
work_d1b5cbfd0840a3bb,2017.0,,Optogenetic Mapping of Synaptic Connections in Mouse Brain Slices to Definethe Functional Connectome of Identified Neuronal Popula,keep-rescued,optogenetic synaptic-connection mapping (alt modality)
work_d1c176b87a4825be,2019.0,infrastructure,Millisecond two-photon optical ribbon imaging for small-animal functional connectome study.,drop-confirmed,"fails two-sided filter: macroscale/theory/molecular/functional-only, no nanoscale tie"
work_d2aa9ba75c9f5683,2019.0,,Surfaceome dynamics during neuronal development and synaptic plasticity reveal system-wide surfaceome reorganization independent o,drop-confirmed,"fails two-sided filter: macroscale/theory/molecular/functional-only, no nanoscale tie"
work_d3a28ecbfb6e7ac0,2017.0,graph_analysis,Methods to investigate the structure and connectivity of the nervous system,keep-rescued,structure/connectivity methods review
work_d4e79c82413eec90,2018.0,graph_analysis,On the number of limit cycles in asymmetric neural networks,drop-confirmed,"fails two-sided filter: macroscale/theory/molecular/functional-only, no nanoscale tie"
work_d6ca901bd9155e1a,2026.0,,Learning using switching synaptic plasticity rules,drop-confirmed,"fails two-sided filter: macroscale/theory/molecular/functional-only, no nanoscale tie"
work_d877a14b14e535c5,2026.0,modeling,Brain network dynamics determine tau presence while regional vulnerability governs tau load in Alzheimer’s disease,drop-confirmed,"fails two-sided filter: macroscale/theory/molecular/functional-only, no nanoscale tie"
work_d9b7b7ed16c392bd,2023.0,graph_analysis;modeling,Inferring Causality from Time Series data based on Structural Causal Model and its application to Neural Connectomics,drop-confirmed,"fails two-sided filter: macroscale/theory/molecular/functional-only, no nanoscale tie"
work_dae60e0b7681ea0c,2024.0,,Strategies to dissect microglia-synaptic interactions during aging and in Alzheimer's disease.,drop-confirmed,"fails two-sided filter: macroscale/theory/molecular/functional-only, no nanoscale tie"
work_dbf620e436498336,2020.0,graph_analysis,Mesoscopic architecture enhances communication across the macaque connectome revealing structure-function correspondence in the br,drop-confirmed,"fails two-sided filter: macroscale/theory/molecular/functional-only, no nanoscale tie"
work_de58c22dcfdaa6ef,2021.0,graph_analysis,Hierarchical timescales in the neocortex: Mathematical mechanism and biological insights,drop-confirmed,"fails two-sided filter: macroscale/theory/molecular/functional-only, no nanoscale tie"
work_e00aa02a171f6969,2018.0,graph_analysis,The Nomenclature of Human White Matter Association Pathways: Proposal for a Systematic Taxonomic Anatomical Classification,drop-confirmed,"fails two-sided filter: macroscale/theory/molecular/functional-only, no nanoscale tie"
work_e19cbdf063fc53c2,2026.0,graph_analysis;infrastructure,Biologically grounded on-chip model identifies selective topographic reorganization within hyperexcitable corticostriatal networks,drop-confirmed,"fails two-sided filter: macroscale/theory/molecular/functional-only, no nanoscale tie"
work_e1dcb9a05897ad2e,2021.0,graph_analysis,Interpreting the Entire Connectivity of Individual Neurons in Micropatterned Neural Culture With an Integrated Connectome Analyzer,keep-rescued,in vitro whole-neuron connectivity mapping (alt modality)
work_e2c6961ec9c7fead,2024.0,,NPY-mediated synaptic plasticity in the extended amygdala prioritizes feeding during starvation,drop-confirmed,"fails two-sided filter: macroscale/theory/molecular/functional-only, no nanoscale tie"
work_e2cbde329dc5c463,2018.0,,A Review of Network Inference Techniques for Neural Activation Time Series,drop-confirmed,"fails two-sided filter: macroscale/theory/molecular/functional-only, no nanoscale tie"
work_e92f9c9a00060515,2017.0,graph_analysis,Cortical Circuits from Scratch: A Metaplastic Architecture for the Emergence of Lognormal Firing Rates and Realistic Topology,drop-confirmed,"fails two-sided filter: macroscale/theory/molecular/functional-only, no nanoscale tie"
work_ed1105fea494cf4f,2024.0,graph_analysis,Where Top-Down Meets Bottom-Up: Cell-Type Specific Connectivity Map of the Whisker System,drop-confirmed,"fails two-sided filter: macroscale/theory/molecular/functional-only, no nanoscale tie"
work_eeb0c8d7348a2bd4,2025.0,,Contribution of neurons that express fruitless and Clock transcription factors to behavioral rhythms and courtship,drop-confirmed,"fails two-sided filter: macroscale/theory/molecular/functional-only, no nanoscale tie"
work_f0afa8050fa1b3ad,2020.0,,Analysis of Synaptic Microcircuits in the Mushroom Bodies of the Honeybee,keep-rescued,honeybee MB synaptic microcircuits (EM)
work_f32b6d4440c563fd,2023.0,,Brain Structure and Function: Insights from Chemical Neuroanatomy,drop-confirmed,"fails two-sided filter: macroscale/theory/molecular/functional-only, no nanoscale tie"
work_f3534e571d79cff0,2014.0,graph_analysis;infrastructure,Self-organization of microcircuits in networks of neurons with plastic synapses,drop-confirmed,"fails two-sided filter: macroscale/theory/molecular/functional-only, no nanoscale tie"
work_f4bec50e6c6ea50f,2011.0,graph_analysis,Optimizing the Quantity/Quality Trade-Off in Connectome Inference,keep-rescued,connectome-inference statistics
work_f568e1792e2e09e3,2002.0,,Regulation of Synaptic Connectivity: Levels of Fasciclin II Influence Synaptic Growth in the Drosophila CNS,drop-confirmed,"fails two-sided filter: macroscale/theory/molecular/functional-only, no nanoscale tie"
work_f7d82000e0d7fff7,2020.0,graph_analysis;modeling,Neuro-PC: Causal Functional Connectivity from Neural Dynamics,drop-confirmed,"fails two-sided filter: macroscale/theory/molecular/functional-only, no nanoscale tie"
work_f7de2c7e522ececa,2020.0,,Synapse type-specific proteomic dissection identifies IgSF8 as a hippocampal CA3 microcircuit organizer,drop-confirmed,"fails two-sided filter: macroscale/theory/molecular/functional-only, no nanoscale tie"
work_f9c6ae5203a2fdaf,2021.0,graph_analysis,Frozen algorithms: how the brain's wiring facilitates learning,drop-confirmed,"fails two-sided filter: macroscale/theory/molecular/functional-only, no nanoscale tie"
work_f9de684616d77e52,2019.0,,Multimodal cell type correspondence by intersectional mFISH in intact tissues,drop-confirmed,"fails two-sided filter: macroscale/theory/molecular/functional-only, no nanoscale tie"
work_fbb0bef8a2519be4,2012.0,graph_analysis;infrastructure;modeling,An open architecture for the massively parallel emulation of the Drosophila brain on multiple GPUs,keep-rescued,fly brain emulation infrastructure (Neurokernel)
work_fc4395dbd3ff1652,2022.0,,Networking of the Human Cerebellum: From Anatomo-Functional Development to Neurosurgical Implications,drop-confirmed,"fails two-sided filter: macroscale/theory/molecular/functional-only, no nanoscale tie"
work_fcbe6f1bc002cc56,2023.0,,Modulation of aversive value coding in the vertebrate and invertebrate brain.,drop-confirmed,"fails two-sided filter: macroscale/theory/molecular/functional-only, no nanoscale tie"
work_ff7b8e3b7dee18f2,2020.0,infrastructure,Drosophila Brain Functional Data Analysis: A Unified Framework,keep-rescued,fly functional-data analysis framework
