work_id,year,decision,ref_check,verified_outbound_links,final_disposition,title
work_001c0f01391e19c4,2020.0,core_relevant,verified,4,resolved: linked to graph,Estimation of the number of synapses in the hippocampus and brain-wide by volume electron microscopy and genetic labelin
work_0133b141f368655b,2012.0,role_bridge,verified,4,resolved: linked to graph,Combining collation and annotation efforts toward completion of the rat and mouse connectomes in BAMS
work_01ba46e87d766569,2023.0,role_bridge,verified,0,resolved: verified zero outbound links,Odor Discrimination as a Marker of Early Alzheimer’s Disease
work_01c85c45ede98837,2021.0,core_relevant,verified,15,resolved: linked to graph,VICE: Visual Identification and Correction of Neural Circuit Errors
work_020e3982c01153ed,2023.0,adjacent_relevant,verified,2,resolved: linked to graph,An efficient 3D extraction and reconstruction method for myelinated axons of mouse cerebral cortex based on mixed intell
work_022f4537397531be,2019.0,adjacent_relevant,verified,4,resolved: linked to graph,"MagC, magnetic collection of ultrathin sections for volumetric correlative light and electron microscopy"
work_02bef5f71001dccb,2023.0,adjacent_relevant,verified,13,resolved: linked to graph,Tau trajectory in Alzheimer's disease: Evidence from the connectome-based computational models.
work_03006500ac944fb3,2023.0,adjacent_relevant,verified,3,resolved: linked to graph,Caenorhabditis elegans Connectomes of both Sexes as Image Classifiers
work_030d659739b83f09,2016.0,role_bridge,verified,2,resolved: linked to graph,Community detection in networks: A user guide
work_0344c5d0298b1c78,2017.0,adjacent_relevant,verified,8,resolved: linked to graph,Neural Interactome: Interactive Simulation of a Neuronal System
work_03f185e6c6909898,2025.0,adjacent_relevant,refs-elided-or-none,,unresolved (refs-elided-or-none),"Integrative analysis of single-neuron projectomes links connectome, transcriptome, and function in the mouse cortex."
work_047847ced0c96ed0,2019.0,adjacent_relevant,verified,2,resolved: linked to graph,The head direction circuit of two insect species
work_047e0665d50b50ba,2015.0,core_relevant,verified,5,resolved: linked to graph,Crowdsourcing the creation of image segmentation algorithms for connectomics
work_068ce671d4050e17,2020.0,adjacent_relevant,verified,7,resolved: linked to graph,EM-net: Deep learning for electron microscopy image segmentation
work_06fed2e30ee196ac,2013.0,adjacent_relevant,refs-elided-or-none,,unresolved (refs-elided-or-none),The connectomics challenge.
work_071108fd660498ef,2015.0,role_bridge,verified,9,resolved: linked to graph,Fast Approximate Quadratic Programming for Graph Matching
work_075bd479e1fdf07b,2026.0,role_bridge,verified,2,resolved: linked to graph,Evidence for a Functional Proximity Law in Multilayer Networks
work_07da33548167bb21,2019.0,core_relevant,verified,0,resolved: verified zero outbound links,3D Electron Microscopy Study of Synaptic Organization of the Normal Human Transentorhinal Cortex and Its Possible Altera
work_07f25302c0da9745,2024.0,role_bridge,refs-elided-or-none,,unresolved (refs-elided-or-none),Graphs and the idiographic brain.
work_092ab2e11895f53a,2011.0,adjacent_relevant,refs-elided-or-none,,unresolved (refs-elided-or-none),Neuronal Tracing for Connectomic Studies
work_09c0fa76b2cfac78,2021.0,role_bridge,verified,3,resolved: linked to graph,A Unified Framework for Neuroscience Morphological Data Visualization
work_0a6f89f17fb7c4a5,2013.0,adjacent_relevant,refs-elided-or-none,,unresolved (refs-elided-or-none),"Graph analysis of the human connectome: Promise, progress, and pitfalls"
work_0b58677ca30e94c9,2017.0,role_bridge,not-in-s2,,unresolved (not-in-s2),Statistical Inference on Random Dot Product Graphs: a Survey
work_0c53b6e2719558ce,2013.0,adjacent_relevant,verified,5,resolved: linked to graph,Visualizing the human connectome
work_0d0f6db3af67525b,2018.0,adjacent_relevant,refs-elided-or-none,,unresolved (refs-elided-or-none),Neural Mechanisms of Motion Processing in the Mammalian Retina.
work_0d6070f19ac2ba89,2024.0,core_relevant,verified,5,resolved: linked to graph,ATUM-Tomo: A multi-scale approach to cellular ultrastructure by combined volume scanning electron microscopy and electro
work_0dc9ade7576f1fda,2016.0,adjacent_relevant,verified,14,resolved: linked to graph,Connectome Networks: From Cells to Systems
work_0f210c53d8261375,2020.0,adjacent_relevant,verified,22,resolved: linked to graph,Multiscale comparative connectomics
work_0f2e576ce4d24d6a,2026.0,adjacent_relevant,not-in-s2,,unresolved (not-in-s2),Mapping Connectomic Structure to Function(s) in Cerebellar-like Networks using Kernel Regression
work_0f667472c3c0d4cd,2026.0,adjacent_relevant,verified,5,resolved: linked to graph,Bridging Histology and Tractography: First In Vivo Visualization of Short‐Range Prefrontal Connections Informed by Prima
work_0faabd73a0b69ddd,2019.0,adjacent_relevant,verified,5,resolved: linked to graph,Valid two‐sample graph testing via optimal transport Procrustes and multiscale graph correlation with applications in co
work_10625a8cbeb96224,2012.0,adjacent_relevant,verified,13,resolved: linked to graph,Visualization in Connectomics
work_11708302632c43f1,2025.0,core_relevant,verified,2,resolved: linked to graph,Unveiling and Steering Connectome Organization with Interpretable Latent Variables
work_11bd92b465e2aaf3,2025.0,adjacent_relevant,verified,1,resolved: linked to graph,Rocket-crane algorithm for the Feedback Arc Set problem
work_11d1cfcde84e9410,2011.0,adjacent_relevant,verified,7,resolved: linked to graph,A tutorial in connectome analysis: Topological and spatial features of brain networks
work_121114411163d845,2011.0,role_bridge,verified,2,resolved: linked to graph,Three-Dimensional Reconstruction of Serial Mouse Brain Sections: Solution for Flattening High-Resolution Large-Scale Mos
work_122af998e627d537,2018.0,adjacent_relevant,refs-elided-or-none,,unresolved (refs-elided-or-none),Multimodal Connectomics in Psychiatry: Bridging Scales From Micro to Macro.
work_13df857c596640ee,2022.0,core_relevant,verified,4,resolved: linked to graph,A functionally ordered visual feature map in the Drosophila brain.
work_13fda9927df18461,2024.0,role_bridge,refs-elided-or-none,,unresolved (refs-elided-or-none),Neural Control of Naturalistic Behavior Choices.
work_14777efdec1861e5,2021.0,role_bridge,refs-elided-or-none,,unresolved (refs-elided-or-none),Quantitative skills in undergraduate neuroscience education in the age of big data.
work_1494588f60af3042,2025.0,role_bridge,refs-elided-or-none,,unresolved (refs-elided-or-none),"Learning brains: educational neuroscience, neurotechnology and neuropedagogy"
work_14ac87ba48283ac0,2020.0,core_relevant,verified,13,resolved: linked to graph,Neuronal Subcompartment Classification and Merge Error Correction
work_15637f799663d649,2021.0,core_relevant,verified,6,resolved: linked to graph,A Geometric Chung Lu model and the Drosophila Medulla connectome
work_15ac2c50e04c11f3,2018.0,adjacent_relevant,verified,10,resolved: linked to graph,When tractography meets tracer injections: a systematic study of trends and variation sources of diffusion-based connect
work_15c1e28270c671f9,2015.0,role_bridge,verified,3,resolved: linked to graph,Integrated Visualization of Human Brain Connectome Data
work_161efa6714c403ba,2015.0,role_bridge,verified,5,resolved: linked to graph,ConnectomeDB – Sharing Human Brain Connectivity Data
work_164ab99ff38576f9,2021.0,adjacent_relevant,verified,5,resolved: linked to graph,Comparative connectomics of the primate social brain
work_1672afc156639677,2020.0,role_bridge,verified,4,resolved: linked to graph,"Citizen science, cells and CNNs – deep learning for automatic segmentation of the nuclear envelope in electron microscop"
work_16956a138acecbe4,2026.0,role_bridge,no-doi,,unresolved (no-doi),"CLABTOOLKIT: An Open-Source Toolkit for Routine Processing, Manipulation, and Visualization of Neuroimaging Data"
work_17515b46569c966d,2026.0,core_relevant,verified,11,resolved: linked to graph,Volumetric denoising enables high-throughput volume electron microscopy and efficient downstream analysis.
work_17a397689c02868a,2022.0,adjacent_relevant,verified,5,resolved: linked to graph,Differences in the critical dynamics underlying the human and fruit-fly connectome
work_17aff448044a0745,2014.0,adjacent_relevant,verified,4,resolved: linked to graph,Connexel visualization: a software implementation of glyphs and edge-bundling for dense connectivity data using brainGL
work_186acb8763d28840,2005.0,adjacent_relevant,verified,2,resolved: linked to graph,The Human Connectome: A Structural Description of the Human Brain
work_1b719c6ba34d2ed3,2018.0,adjacent_relevant,verified,0,resolved: verified zero outbound links,Teneurin-3 controls topographic circuit assembly in the hippocampus
work_1b7d3ac1442704d3,2026.0,adjacent_relevant,verified,6,resolved: linked to graph,Whole-neuron morphology and genetic identity define cell types and reveal principles of brain-wide connectivity.
work_1bfad71fdf4de90f,2022.0,role_bridge,verified,2,resolved: linked to graph,Olfactory Evaluation in Alzheimer’s Disease Model Mice
work_1c447d78a514ecfa,2018.0,adjacent_relevant,verified,6,resolved: linked to graph,Matched Filters for Noisy Induced Subgraph Detection
work_1de3e706afcc6b0d,2015.0,adjacent_relevant,verified,7,resolved: linked to graph,Optimization of Large-scale Mouse Brain Connectome via Joint Evaluation of DTI and Neuron Tracing Data
work_1e6634edd433800d,2016.0,role_bridge,verified,0,resolved: verified zero outbound links,Olfactory dysfunction in Alzheimer’s disease
work_2023cc62cedb365a,2021.0,adjacent_relevant,verified,8,resolved: linked to graph,Cross-modal coherent registration of whole mouse brains
work_209d8965d2e80500,2016.0,core_relevant,verified,0,resolved: verified zero outbound links,NeuroGFX: a graphical functional explorer for fruit fly brain circuits
work_20b1e77216429111,2025.0,role_bridge,refs-elided-or-none,,unresolved (refs-elided-or-none),Extended reality in the changing landscape of cranial neurosurgery: Role of image fusions and connectomics in precision 
work_213bd181973034b5,2020.0,adjacent_relevant,verified,9,resolved: linked to graph,Creative destruction: Sparse activity emerges on the mammal connectome under a simulated communication strategy with col
work_21faf952fda7708d,2021.0,adjacent_relevant,verified,21,resolved: linked to graph,Progress towards a cellularly resolved mouse mesoconnectome is empowered by data fusion and new neuroanatomy techniques.
work_222a233df7db45f4,2020.0,adjacent_relevant,not-in-s2,,unresolved (not-in-s2),Detecting structural perturbations from time series with deep learning
work_2241814d12e83665,2024.0,core_relevant,verified,5,resolved: linked to graph,Gossamer: Scaling Image Processing and Reconstruction to Whole Brains
work_22a069f788d55d8d,2018.0,role_bridge,no-doi,,unresolved (no-doi),The Allen Brain Atlas as a Resource for Teaching Undergraduate Neuroscience.
work_230753987e2feb16,2021.0,role_bridge,refs-elided-or-none,,unresolved (refs-elided-or-none),Reducing Manual Operation Time to Obtain a Segmentation Learning Model for Volume Electron Microscopy Using Stepwise Dee
work_24591202ea00f970,2026.0,adjacent_relevant,verified,2,resolved: linked to graph,From Connectome to Cognition: Building the First Digital Organism
work_2528fed4e090c0a8,2026.0,role_bridge,verified,4,resolved: linked to graph,"Brain-wide mapping of oligodendrocyte organization, oligodendrogenesis, and myelin injury"
work_2547e9b9bab8dbf7,2025.0,role_bridge,refs-elided-or-none,,unresolved (refs-elided-or-none),Histopathological and ultrastructural changes in different cell types during ischemic and hemorrhagic stroke.
work_2566caf4396eb201,2016.0,adjacent_relevant,verified,11,resolved: linked to graph,Toward Whole-Body Connectomics
work_25d9bf42bedbc0f2,2017.0,role_bridge,verified,6,resolved: linked to graph,FIJI Macro 3D ART VeSElecT: 3D Automated Reconstruction Tool for Vesicle Structures of Electron Tomograms
work_2713518d047c5d83,2013.0,role_bridge,verified,2,resolved: linked to graph,DP2: Distributed 3D image segmentation using micro-labor workforce
work_2722e2d5037a3f42,2018.0,role_bridge,verified,1,resolved: linked to graph,Normalised degree variance
work_27fb2a0d9d1c342f,2009.0,role_bridge,verified,0,resolved: verified zero outbound links,CATMAID: collaborative annotation toolkit for massive amounts of image data
work_2839d159b329c51e,2020.0,role_bridge,verified,3,resolved: linked to graph,Graph Matching Based Connectomic Biomarker with Learning for Brain Disorders
work_299eb90aaf78a3aa,2011.0,role_bridge,verified,0,resolved: verified zero outbound links,"A Genetically Encoded Tag for Correlated Light and Electron Microscopy of Intact Cells, Tissues, and Organisms"
work_2a3d2820efed2cfe,2022.0,adjacent_relevant,verified,6,resolved: linked to graph,Saturated reconstruction of living brain tissue
work_2b21fd53a734b207,2025.0,adjacent_relevant,verified,7,resolved: linked to graph,Integrated Classification of Cortical Cells and Quantitative Projectomic Mapping Unveil Organizational Principles of Bra
work_2b4f63e6ecb953d1,1985.0,core_relevant,verified,0,resolved: verified zero outbound links,The neural circuit for touch sensitivity in Caenorhabditis elegans
work_2b60bd560e430bed,2018.0,adjacent_relevant,verified,5,resolved: linked to graph,OpenWorm: overview and recent advances in integrative biological simulation of Caenorhabditis elegans
work_2b7b16a895c2f46c,2006.0,role_bridge,verified,0,resolved: verified zero outbound links,Statistical mechanics of community detection.
work_2c23ff2f9ed14485,2022.0,core_relevant,verified,26,resolved: linked to graph,Multi-layered maps of neuropil with segmentation-guided contrastive learning
work_2c6fe44c1be1c300,2013.0,adjacent_relevant,refs-elided-or-none,,unresolved (refs-elided-or-none),Cellular-resolution connectomics: challenges of dense neural circuit reconstruction
work_2d23fc156da4f7ce,2019.0,role_bridge,verified,1,resolved: linked to graph,TraceMontage: a Method for Merging Multiple Independent Neuronal Traces
work_2d5170d4591ffa30,2007.0,role_bridge,refs-elided-or-none,,unresolved (refs-elided-or-none),Ultramicroscopy: three-dimensional visualization of neuronal networks in the whole mouse brain
work_2df062ae66c16e94,2015.0,adjacent_relevant,verified,3,resolved: linked to graph,Community Detection and Classification in Hierarchical Stochastic Blockmodels
work_2e135d4ee49a93d1,2010.0,adjacent_relevant,refs-elided-or-none,,unresolved (refs-elided-or-none),From the Connectome to the Synaptome: An Epic Love Story
work_2f409874ec73fe00,2013.0,adjacent_relevant,refs-elided-or-none,,unresolved (refs-elided-or-none),Toward the Drosophila connectome: structural analysis of the brain network
work_2ff133b450151f26,2023.0,adjacent_relevant,verified,9,resolved: linked to graph,"Architectural organization of ∼1,500-neuron modular minicolumnar disinhibitory circuits in healthy and Alzheimer's corti"
work_308f5478abdb4fa4,2014.0,adjacent_relevant,no-doi,,unresolved (no-doi),Two-sample Hypothesis Testing for Random Dot Product Graphs via Adjacency Spectral Embedding
work_30ab633401383953,2026.0,role_bridge,verified,1,resolved: linked to graph,Semi-Automatic Correction of 3D Tubular Structure Skeletons via Component-Wise MST and Filtered Delaunay Triangulation
work_30b183a150c2351a,2025.0,role_bridge,verified,4,resolved: linked to graph,Controlling Reciprocity in Binary and Weighted Networks: A Novel Density-Conserving Approach
work_3124a20f92cb886a,2024.0,adjacent_relevant,verified,6,resolved: linked to graph,Cell type-specific connectome predicts distributed working memory activity in the mouse brain
work_31486f2a35f6fd01,2024.0,role_bridge,verified,12,resolved: linked to graph,Connectome-based prediction of functional impairment in experimental stroke models
work_318843cf74d33350,2023.0,role_bridge,verified,11,resolved: linked to graph,New Challenges for Anatomists in the Era of Omics
work_32b0dddba5ca9668,2010.0,adjacent_relevant,verified,0,resolved: verified zero outbound links,A high-level 3D visualization API for Java and ImageJ
work_33349c24be53087b,2026.0,adjacent_relevant,verified,1,resolved: linked to graph,Optimized genetic tracers for viral mediated neuronal projection mapping
work_333df38005e93b84,2025.0,core_relevant,verified,13,resolved: linked to graph,A distribution-aware semi-supervised pipeline for cost-effective neuron segmentation
work_34a1d7dbc52da5e7,2022.0,role_bridge,refs-elided-or-none,,unresolved (refs-elided-or-none),Identifying vulnerable brain networks associated with Alzheimer's disease risk.
work_35c1ecb5d4fa2f12,2022.0,role_bridge,refs-elided-or-none,,unresolved (refs-elided-or-none),Advancing the Science of Recruitment and Retention in Alzheimer’s disease Clinical Studies among Spanish‐speaking immigr
work_36162776d7c53766,2014.0,role_bridge,verified,1,resolved: linked to graph,Multilayer Analysis and Visualization of Networks
work_38b49edc6e3d2483,2014.0,adjacent_relevant,verified,15,resolved: linked to graph,Exploring the third dimension: volume electron microscopy comes of age.
work_39cd5f0563d3d522,2011.0,adjacent_relevant,verified,1,resolved: linked to graph,Macaque structural connectivity revisited: CoCoMac 2.0
work_3a04d60d1153548a,2019.0,adjacent_relevant,refs-elided-or-none,,unresolved (refs-elided-or-none),Single‐neuron axonal reconstruction: The search for a wiring diagram of the brain
work_3a9691a3258cc3e4,2016.0,role_bridge,no-doi,,unresolved (no-doi),Explicitly Linking Regional Activation and Function Connectivity: Community Structure of Weighted Networks with Continuo
work_3ac7168aedad246c,2022.0,role_bridge,refs-elided-or-none,,unresolved (refs-elided-or-none),Neuroimaging and thalamic connectomics in epilepsy neuromodulation.
work_3af5c3b4454d1441,2018.0,adjacent_relevant,verified,2,resolved: linked to graph,Domain Adaptive Segmentation In Volume Electron Microscopy Imaging
work_3cc21ebfdfd82947,2024.0,adjacent_relevant,verified,22,resolved: linked to graph,Two- and three-dimensional electron microscopy techniques: powerful tools for studying the brain under physiological and
work_3cf5d4c3be86004c,2017.0,adjacent_relevant,verified,3,resolved: linked to graph,A Semiparametric Two-Sample Hypothesis Testing Problem for Random Graphs
work_3e58e01b1b6afbaf,2024.0,role_bridge,verified,8,resolved: linked to graph,Brain Network Fingerprints of Alzheimer’s Disease Risk Factors in Mouse Models with Humanized APOE Alleles
work_3f1826f13366209a,2026.0,adjacent_relevant,verified,4,resolved: linked to graph,Toward a foundational brain model of intelligence.
work_3fd452a2623069a1,2026.0,role_bridge,verified,3,resolved: linked to graph,Dopamine Depletion Drives Whole-Brain Oscillatory Disruptions via Cortico–Subcortical Resonance: A Multiscale Model of P
work_403be6bf6a79f219,2013.0,role_bridge,verified,4,resolved: linked to graph,"Human Connectome Project Informatics: quality control, database services, and data visualization"
work_404e1398f29ac566,2026.0,adjacent_relevant,verified,1,resolved: linked to graph,Multiple coexisting pathways to synchronization shape seizure dynamics in a mesoscale mouse brain model
work_4056ab75c914db70,2013.0,adjacent_relevant,verified,5,resolved: linked to graph,Vertex nomination schemes for membership prediction
work_4115864d71311555,2010.0,core_relevant,verified,0,resolved: verified zero outbound links,Radon-Like features and their application to connectomics
work_42add33f0ddb0eba,2020.0,role_bridge,verified,5,resolved: linked to graph,Testing biological network motif significance with exponential random graph models
work_432ed361ab9274cc,2020.0,adjacent_relevant,verified,10,resolved: linked to graph,"The Mixture Graph-A Data Structure for Compressing, Rendering, and Querying Segmentation Histograms"
work_43b7faaf8820340a,2025.0,adjacent_relevant,not-in-s2,,unresolved (not-in-s2),Symmetries of Living Systems: Symmetry Fibrations and Synchronization in Biological Networks
work_43b8f0d68020f509,2017.0,adjacent_relevant,refs-elided-or-none,,unresolved (refs-elided-or-none),New dimensions of connectomics and network plasticity in the central nervous system
work_440fb4477db86d46,2013.0,role_bridge,verified,10,resolved: linked to graph,VolRoverN: Enhancing surface and volumetric reconstruction for realistic dynamical simulation of cellular and subcellula
work_440fdfad4902f6ae,2008.0,adjacent_relevant,refs-elided-or-none,,unresolved (refs-elided-or-none),Ome sweet ome: what can the genome tell us about the connectome?
work_44b42b742b2087f0,2023.0,adjacent_relevant,verified,3,resolved: linked to graph,Predicting distributed working memory activity in a large-scale mouse brain: the importance of the cell type-specific co
work_4520228f7f3302c2,2023.0,core_relevant,refs-elided-or-none,,unresolved (refs-elided-or-none),Network Community Detection in Connectomics Data using Graph Theory
work_459f1826c547937f,2025.0,core_relevant,verified,2,resolved: linked to graph,Feedforward Ordering in Neural Connectomes via Feedback Arc Minimization
work_45b96d662a877736,2025.0,adjacent_relevant,verified,9,resolved: linked to graph,Prediction of functional neural circuits in caenorhabditis elegans based on overlapping community detection
work_45c2bb988725056f,2018.0,adjacent_relevant,refs-elided-or-none,,unresolved (refs-elided-or-none),Three-dimensional simulation of the Caenorhabditis elegans body and muscle cells in liquid and gel environments for beha
work_463ae7b1129e918a,2020.0,adjacent_relevant,verified,7,resolved: linked to graph,"CEM500K, a large-scale heterogeneous unlabeled cellular electron microscopy image dataset for deep learning"
work_473c2b2f7d586069,2015.0,adjacent_relevant,refs-elided-or-none,,unresolved (refs-elided-or-none),Cerebral cartography and connectomics
work_47806917552684d8,2011.0,role_bridge,verified,0,resolved: verified zero outbound links,The retinal hypercircuit: a repeating synaptic interactive motif underlying visual function
work_47ccbd8bc04d1dc3,2015.0,core_relevant,not-in-s2,,unresolved (not-in-s2),Image Segmentation by Size-Dependent Single Linkage Clustering of a Watershed Basin Graph
work_484939fab9ad128d,2023.0,role_bridge,verified,3,resolved: linked to graph,Neural dynamics and architecture of the heading direction circuit in zebrafish
work_48cfa5f3aa4b5d20,2021.0,adjacent_relevant,verified,7,resolved: linked to graph,Sex-specific topology of the nociceptive circuit shapes dimorphic behavior in C. elegans
work_4a8c664faa8c1c13,2016.0,adjacent_relevant,verified,1,resolved: linked to graph,The Brain in Space
work_4ab664454d56c724,2020.0,core_relevant,verified,7,resolved: linked to graph,Toward an Automated HPC Pipeline for Processing Large Scale Electron Microscopy Data
work_4c48150f43cdafa3,2025.0,adjacent_relevant,verified,3,resolved: linked to graph,Reconstruction of Single-Neuron Projectomes in Mice
work_4c57aec0d5a67e11,2014.0,adjacent_relevant,verified,2,resolved: linked to graph,Polarity-specific high-level information propagation in neural networks
work_4cb5df5727006bd0,2017.0,adjacent_relevant,verified,5,resolved: linked to graph,Digital tissue and what it may reveal about the brain
work_4cd80a02170f62bd,2026.0,core_relevant,verified,2,resolved: linked to graph,Energy-efficient information processing and eligibility-trace plasticity in the Drosophila optic lobe connectome
work_4cf725eac3b48f0e,2014.0,adjacent_relevant,refs-elided-or-none,,unresolved (refs-elided-or-none),"Wiring patterns in the mouse retina: collecting evidence across the connectome, physiology and light microscopy"
work_4d0bb2dac32d5f80,2024.0,role_bridge,verified,5,resolved: linked to graph,Clinical parameters affect the structure and function of superficial pyramidal neurons in the adult human neocortex
work_4d5f8126d96042c6,2015.0,role_bridge,refs-elided-or-none,,unresolved (refs-elided-or-none),Resting-state functional connectivity in major depressive disorder: A review.
work_4e304075a32337e8,2020.0,adjacent_relevant,refs-elided-or-none,,unresolved (refs-elided-or-none),Deep multilevel contextual networks for biomedical image segmentation
work_4eaf3f68c7cc6dce,2018.0,adjacent_relevant,verified,6,resolved: linked to graph,Spatiotemporal ontogeny of brain wiring
work_4fe68bf7b16d89dc,2021.0,adjacent_relevant,verified,16,resolved: linked to graph,The nonhuman primate neuroimaging and neuroanatomy project
work_502f3fcda5afe2ef,2023.0,adjacent_relevant,verified,2,resolved: linked to graph,Exercise alters cortico-basal ganglia network functional connectivity: A mesoscopic level analysis informed by anatomic 
work_5045439101c78123,2013.0,adjacent_relevant,verified,2,resolved: linked to graph,Analyzing the structure and function of neuronal circuits in zebrafish
work_505838ecf6e68bb5,2023.0,adjacent_relevant,verified,4,resolved: linked to graph,Neural-circuit basis of song preference learning in fruit flies
work_50d091001b66a2d0,2025.0,adjacent_relevant,verified,16,resolved: linked to graph,Scaling up X-ray holographic nanotomography for neuronal tissue imaging
work_50ff4d262c166d92,2019.0,role_bridge,refs-elided-or-none,,unresolved (refs-elided-or-none),Culling for Extreme-Scale Segmentation Volumes: A Hybrid Deterministic and Probabilistic Approach
work_510f1f5d7f3a7c0c,2022.0,role_bridge,refs-elided-or-none,,unresolved (refs-elided-or-none),Multiscale imaging informs translational mouse modeling of neurological disease.
work_513dc388c55b10f8,2018.0,adjacent_relevant,refs-elided-or-none,,unresolved (refs-elided-or-none),Caenorhabditis elegans excitatory ventral cord motor neurons derive rhythm for body undulation
work_51a3a4f48b8908a3,2023.0,role_bridge,verified,11,resolved: linked to graph,Fast Compressed Segmentation Volumes for Scientific Visualization
work_52349a07a8609609,2023.0,adjacent_relevant,verified,5,resolved: linked to graph,Regional and cell-type-specific afferent and efferent projections of the mouse claustrum
work_52b939fbc87f459e,2025.0,adjacent_relevant,not-in-s2,,unresolved (not-in-s2),Fluctuation-dissipation of the Kuramoto model on fruit-fly connectomes
work_5304e37cc665ceab,2023.0,adjacent_relevant,verified,14,resolved: linked to graph,Domain Adaptive Synapse Detection with Weak Point Annotations
work_5358e3a3d6b06625,2025.0,role_bridge,verified,4,resolved: linked to graph,Ce -NeRV3D - a C. elegans Neuron RNA-seq Visualization tool in 3D
work_541335ae5cacedf3,2018.0,adjacent_relevant,verified,4,resolved: linked to graph,Sizing complex networks
work_54b48e88cbc2ee28,2021.0,role_bridge,verified,6,resolved: linked to graph,High-precision targeting workflow for volume electron microscopy
work_55a637a99f2abc58,2024.0,adjacent_relevant,verified,10,resolved: linked to graph,vEMstitch: an algorithm for fully automatic image stitching of volume electron microscopy
work_5646fd682952c8b6,2016.0,role_bridge,verified,2,resolved: linked to graph,A Large Deformation Diffeomorphic Approach to Registration of CLARITY Images via Mutual Information
work_5672c64d21c23a39,2024.0,role_bridge,verified,0,resolved: verified zero outbound links,Updates on mouse models of Alzheimer’s disease
work_570ccc0ab045e65e,2012.0,adjacent_relevant,verified,4,resolved: linked to graph,Comprehensive connectivity of the mouse main olfactory bulb: analysis and online digital atlas
work_576d4811bf1e3849,2025.0,role_bridge,verified,7,resolved: linked to graph,Universal consensus 3D segmentation of cells from 2D segmented stacks
work_58718abbeb7e6146,2024.0,role_bridge,verified,18,resolved: linked to graph,Sparse Annotation is Sufficient for Bootstrapping Dense Segmentation
work_58719b3caaf87f3c,2026.0,role_bridge,verified,6,resolved: linked to graph,A Systematic Study of Behavioral Cloning for Scientific Data Annotation
work_593e9ed3ab744e30,2020.0,adjacent_relevant,verified,0,resolved: verified zero outbound links,Axo-axonic Synapses: Diversity in Neural Circuit Function
work_59c99b603e8a4641,2015.0,adjacent_relevant,refs-elided-or-none,,unresolved (refs-elided-or-none),Connectome of the fly visual circuitry.
work_5a217fc9180eb033,2023.0,adjacent_relevant,verified,3,resolved: linked to graph,Long-range connectome of pyramidal neurons in the sensorimotor cortex
work_5a544ca02f2eeb6f,2022.0,role_bridge,verified,19,resolved: linked to graph,Research trends and hotspots on connectomes from 2005 to 2021: A bibliometric and latent Dirichlet allocation applicatio
work_5ad30986684078d8,2026.0,role_bridge,verified,5,resolved: linked to graph,A High-Performance Computing Portal Applied to 3D Electron Microscopy
work_5cacc375519272f8,2017.0,adjacent_relevant,verified,1,resolved: linked to graph,Functional Connectomics from Data: Probabilistic Graphical Models for Neuronal Network of C. elegans
work_5ef81a0210f02d50,2024.0,core_relevant,verified,16,resolved: linked to graph,Tracing nerve fibers with volume electron microscopy to quantitatively analyze brain connectivity
work_5fce6ceceeaa09c7,2016.0,core_relevant,refs-elided-or-none,,unresolved (refs-elided-or-none),Comparative Connectomics.
work_603f7f3189279d00,2021.0,adjacent_relevant,verified,3,resolved: linked to graph,Avian pallial circuits and cognition: A comparison to mammals.
work_61ced5e9670903c3,2010.0,adjacent_relevant,verified,1,resolved: linked to graph,Automated Reconstruction of Neuronal Morphology: An Overview
work_6212be61070586b3,2012.0,adjacent_relevant,verified,9,resolved: linked to graph,From functional architecture to functional connectomics
work_62b57eb8352efa0c,2026.0,adjacent_relevant,verified,8,resolved: linked to graph,Precise kinematic and muscle recording in freely behaving flies enabled by closed-loop tracking and annotation-free pose
work_6372283e97fc942b,2019.0,role_bridge,refs-elided-or-none,,unresolved (refs-elided-or-none),Microstructure-Informed Connectomics: Enriching Large-Scale Descriptions of Healthy and Diseased Brains
work_638148a6bb51d092,2020.0,core_relevant,verified,5,resolved: linked to graph,Proposal-Free Volumetric Instance Segmentation from Latent Single-Instance Masks
work_641578dd51d3aa3a,2020.0,adjacent_relevant,not-in-s2,,unresolved (not-in-s2),Graph Signal Processing of Indefinite and Complex Graphs using Directed Variation
work_64c06ffb8fbbfee6,2024.0,adjacent_relevant,verified,13,resolved: linked to graph,Wrapped up: advancements in volume electron microscopy and application in myelin research
work_651457fdb2bf9ce4,2022.0,role_bridge,verified,1,resolved: linked to graph,EMPIAR: the Electron Microscopy Public Image Archive
work_6779fed0fab266f1,2026.0,adjacent_relevant,verified,3,resolved: linked to graph,Topological Sensitivity in Connectome-Constrained Neural Networks
work_6793e5e1077fc6ef,2012.0,adjacent_relevant,verified,3,resolved: linked to graph,The Intrinsic Connectome of the Rat Amygdala
work_679e6fe231f7c345,2013.0,role_bridge,verified,2,resolved: linked to graph,Connectomics and epilepsy
work_67af47ece63db8f0,2020.0,adjacent_relevant,verified,9,resolved: linked to graph,Microtubule Tracking in Electron Microscopy Volumes
work_67d70830cad7154c,2020.0,role_bridge,verified,3,resolved: linked to graph,Graphical-model framework for automated annotation of cell identities in dense cellular images
work_68a8183e525d9bb3,2015.0,adjacent_relevant,refs-elided-or-none,,unresolved (refs-elided-or-none),The OpenWorm Project: currently available resources and future plans
work_68b4bcecab20e9f8,2022.0,adjacent_relevant,verified,1,resolved: linked to graph,Fast z-focus controlling and multiplexing strategies for multiplane two-photon imaging of neural dynamics.
work_68df48cb796785a5,2011.0,role_bridge,verified,1,resolved: linked to graph,A Bottom-up Approach to Data Annotation in Neurophysiology
work_69275cd1098e62e8,2017.0,adjacent_relevant,verified,1,resolved: linked to graph,Guiding network analysis using graph slepians: an illustration for the C. Elegans connectome
work_6a0535f78a5e6555,2024.0,adjacent_relevant,verified,19,resolved: linked to graph,"The meso-connectomes of mouse, marmoset, and macaque: network organization and the emergence of higher cognition"
work_6ab1a546945ea8a5,2013.0,adjacent_relevant,refs-elided-or-none,,unresolved (refs-elided-or-none),Connectomic approaches before the connectome
work_6add9ee0fce41ea3,2019.0,role_bridge,verified,8,resolved: linked to graph,Iron-sequestering nanocompartments as multiplexed Electron Microscopy gene reporters
work_6b6ad2c0b18afc7e,2026.0,role_bridge,refs-elided-or-none,,unresolved (refs-elided-or-none),SparseSeg: Target-Conditioned Discovery Segmentation of Cryo-Volume Electron Microscopy Under Sparse Annotation
work_6c644898f337026e,2020.0,adjacent_relevant,verified,4,resolved: linked to graph,Cellular and circuit mechanisms of olfactory associative learning in Drosophila
work_6c89dbe883bbd590,2012.0,adjacent_relevant,verified,2,resolved: linked to graph,Analyzing Self-Similar and Fractal Properties of the C. elegans Neural Network
work_6d7152bc3042d92f,2019.0,role_bridge,verified,2,resolved: linked to graph,Correlative three-dimensional super-resolution and block face electron microscopy of whole vitreously frozen cells
work_6d75c7ef9c4a7b7e,2012.0,role_bridge,refs-elided-or-none,,unresolved (refs-elided-or-none),Interactive Volume Exploration of Petascale Microscopy Data Streams Using a Visualization-Driven Virtual Memory Approach
work_6d8210bd121bf345,2016.0,role_bridge,refs-elided-or-none,,unresolved (refs-elided-or-none),Eye-Trace: Segmentation of Volumetric Microscopy Images with Eyegaze
work_6f86d20c9bf6e84d,2024.0,core_relevant,verified,38,resolved: linked to graph,Whole-brain annotation and multi-connectome cell typing of Drosophila
work_6fa69d42fe148f72,2011.0,adjacent_relevant,no-doi,,unresolved (no-doi),Large (Brain) Graph Matching via Fast Approximate Quadratic Programming
work_701eda426af92362,2017.0,adjacent_relevant,verified,4,resolved: linked to graph,Versatility of nodal affiliation to communities
work_70f3ebdd9a099832,2016.0,adjacent_relevant,verified,6,resolved: linked to graph,"Statistical Analysis of Tract-Tracing Experiments Demonstrates a Dense, Complex Cortical Network in the Mouse"
work_7216e2255c3134f7,2018.0,adjacent_relevant,verified,5,resolved: linked to graph,On Estimation and Inference in Latent Structure Random Graphs
work_72265483ca325cf9,2014.0,role_bridge,verified,5,resolved: linked to graph,Identification of Important Nodes in Directed Biological Networks: A Network Motif Approach
work_728e612eebfab5fc,2023.0,role_bridge,verified,6,resolved: linked to graph,Flexible circuit mechanisms for context-dependent song sequencing
work_72b520361c1b81dc,2025.0,adjacent_relevant,refs-elided-or-none,,unresolved (refs-elided-or-none),"Sexually dimorphic neural circuits underlying mating behaviors: Insights from worms, flies, and mice."
work_740d0cb24a85d1c1,2019.0,adjacent_relevant,refs-elided-or-none,,unresolved (refs-elided-or-none),Optimization Algorithms in Reconstructions of Neuron Morphology: An Overview
work_743eabd3892ae7b4,2021.0,role_bridge,verified,14,resolved: linked to graph,FIB-SEM as a Volume Electron Microscopy Approach to Study Cellular Architectures in SARS-CoV-2 and Other Viral Infection
work_749e4968411ae37d,2022.0,role_bridge,refs-elided-or-none,,unresolved (refs-elided-or-none),Invited review: Unearthing the mechanisms of age-related neurodegenerative disease using Caenorhabditis elegans.
work_74ae11cddb4ef3c5,2024.0,role_bridge,refs-elided-or-none,,unresolved (refs-elided-or-none),Cell nuclei segmentation in mm-scale x-ray holographic nanotomography images of mouse brain tissue
work_75014d39a0c4236c,2026.0,adjacent_relevant,not-in-s2,,unresolved (not-in-s2),Optimal photostimulation selection for iterative activity maps
work_7519484d8a64bfa5,1996.0,adjacent_relevant,refs-elided-or-none,,unresolved (refs-elided-or-none),Computer visualization of three-dimensional image data using IMOD.
work_7599ba180a4cf46f,2024.0,adjacent_relevant,refs-elided-or-none,,unresolved (refs-elided-or-none),Centralized brain networks underlie body part coordination during grooming
work_77081160559213d2,2020.0,adjacent_relevant,refs-elided-or-none,,unresolved (refs-elided-or-none),"CONNECTIONS, TRACTS, FRACTALS, AND THE REST: A WORKING GUIDE TO NETWORK AND CONNECTIVITY STUDIES IN NEUROSURGERY."
work_7709c0de232cbe41,2019.0,role_bridge,verified,7,resolved: linked to graph,Synaptic Specializations of Melanopsin-Retinal Ganglion Cells in Multiple Brain Regions Revealed by Genetic Label for Li
work_77303c6ebe2e7573,2023.0,adjacent_relevant,verified,3,resolved: linked to graph,"Development and circuitry of the tunicate larval Motor Ganglion, a putative hindbrain/spinal cord homolog"
work_773cdf88a2616296,2025.0,adjacent_relevant,verified,8,resolved: linked to graph,Multiscale brain modeling: bridging microscopic and macroscopic brain dynamics for clinical and technological applicatio
work_7761782e46e5beac,2022.0,adjacent_relevant,verified,3,resolved: linked to graph,Statistical perspective on functional and causal neural connectomics: The Time-Aware PC algorithm
work_78258f2526b35036,2025.0,role_bridge,verified,4,resolved: linked to graph,RETINA: Reconstruction-based pre-trained enhanced TransUNet for electron microscopy segmentation on the CEM500K dataset
work_78bb0e063acbccb4,2026.0,core_relevant,verified,10,resolved: linked to graph,A Complex Network-Based Approach for Detecting and Characterizing Power Neurons in Drosophila
work_78c6e57b544b9fe2,2024.0,adjacent_relevant,verified,12,resolved: linked to graph,A generative model of the connectome with dynamic axon growth
work_78e78bc14a78941e,2023.0,role_bridge,refs-elided-or-none,,unresolved (refs-elided-or-none),Inferring Neuron-level Brain Circuit Connection via Graph Neural Network Amidst Small Established Connections
work_79a10d3d8a82b5d5,2021.0,role_bridge,verified,7,resolved: linked to graph,NeuroConstruct: 3D Reconstruction and Visualization of Neurites in Optical Microscopy Brain Images
work_79c1db67453e2c88,2020.0,core_relevant,verified,10,resolved: linked to graph,A semi-automated approach to dense segmentation of 3D white matter electron microscopy
work_7a1562d871a3be12,2019.0,adjacent_relevant,refs-elided-or-none,,unresolved (refs-elided-or-none),The human connectome from an evolutionary perspective.
work_7a1fd8b2f1f89a04,2022.0,core_relevant,verified,6,resolved: linked to graph,Classifying Drosophila olfactory projection neuron boutons by quantitative analysis of electron microscopic reconstructi
work_7a79d9fb47ef2201,2023.0,role_bridge,verified,9,resolved: linked to graph,Current Progress and Challenges in Large-Scale 3D Mitochondria Instance Segmentation
work_7a9ee048a1e92b21,2025.0,adjacent_relevant,verified,4,resolved: linked to graph,"An integrated anatomical, functional and evolutionary view of the Drosophila olfactory system"
work_7aea9f3f486f8e03,2021.0,adjacent_relevant,verified,4,resolved: linked to graph,Whole-Brain Reconstruction of Neurons in the Ventral Pallidum Reveals Diverse Projection Patterns
work_7b3b7858df07f36b,2014.0,adjacent_relevant,refs-elided-or-none,,unresolved (refs-elided-or-none),"Physics, emergence, and the connectome."
work_7bbb57ed1549b5bc,2019.0,adjacent_relevant,refs-elided-or-none,,unresolved (refs-elided-or-none),Methods for analysis of brain connectivity: An IFCN-sponsored review.
work_7c0dbfe2630320dd,2018.0,adjacent_relevant,refs-elided-or-none,,unresolved (refs-elided-or-none),Comparative Primate Connectomics
work_7c688ddd3be395b9,2021.0,adjacent_relevant,verified,1,resolved: linked to graph,A historical perspective on training students to create standardized maps of novel brain structure: Newly-uncovered reso
work_7c9431dcfcc3ff31,2017.0,core_relevant,refs-elided-or-none,,unresolved (refs-elided-or-none),webKnossos: efficient online 3D data annotation for connectomics
work_7ccfffa27b0f0285,2025.0,core_relevant,refs-elided-or-none,,unresolved (refs-elided-or-none),Aggression across sexes from a contextual- and circuit-based perspective.
work_7d109ac5ec7ba974,2018.0,adjacent_relevant,refs-elided-or-none,,unresolved (refs-elided-or-none),Functional connectomics from neural dynamics: probabilistic graphical models for neuronal network of Caenorhabditis eleg
work_7d1ccb8d643fe44b,2013.0,adjacent_relevant,verified,3,resolved: linked to graph,Computing scalable multivariate glocal invariants of large (brain-) graphs
work_7d516680b10a2d2b,2013.0,adjacent_relevant,verified,4,resolved: linked to graph,Mapping Connectivity in the Developing Brain
work_7d84e7f7fdec51d5,2025.0,role_bridge,verified,5,resolved: linked to graph,"Dense, continuous membrane labeling and expansion microscopy visualization of ultrastructure in tissues"
work_7dd7962792f95bf5,2024.0,adjacent_relevant,verified,11,resolved: linked to graph,Volume Electron Microscopy for Genetically and Molecularly Defined Neural Circuits.
work_7e9a704c6d18622d,2020.0,role_bridge,verified,4,resolved: linked to graph,Flexible annotation atlas of the mouse brain: combining and dividing brain structures of the Allen Brain Atlas while mai
work_7f1202eef0e8289e,2017.0,core_relevant,verified,12,resolved: linked to graph,"SynEM, automated synapse detection for connectomics"
work_7fc3e9d7cd85be30,2026.0,adjacent_relevant,verified,6,resolved: linked to graph,Bridging the microstructural gap in human connectomics using hierarchical phase-contrast tomography as a reference for d
work_80841cd8df129e85,2023.0,adjacent_relevant,verified,15,resolved: linked to graph,Connectomes: from a sparsity of networks to large-scale databases
work_80928a99db9d25e0,2025.0,role_bridge,verified,11,resolved: linked to graph,A neural circuit for context-dependent multimodal signaling in Drosophila
work_8126c1ea07c45313,2012.0,adjacent_relevant,refs-elided-or-none,,unresolved (refs-elided-or-none),From simple graphs to the connectome: Networks in neuroimaging
work_812f29e1e804830c,2018.0,role_bridge,verified,8,resolved: linked to graph,NeuroCave: A web-based immersive visualization platform for exploring connectome datasets
work_81c0fdc6a538cfed,2014.0,adjacent_relevant,refs-elided-or-none,,unresolved (refs-elided-or-none),Mapping circuits beyond the models: integrating connectomics and comparative neuroscience.
work_81d0b831996369a5,2023.0,adjacent_relevant,verified,6,resolved: linked to graph,Semantic representation of neural circuit knowledge in Caenorhabditis elegans
work_821224fc69c175d5,2018.0,role_bridge,verified,1,resolved: linked to graph,Geppetto: a reusable modular open platform for exploring neuroscience data and models
work_82ea545966f8fa3e,2016.0,adjacent_relevant,verified,9,resolved: linked to graph,Modern Methods for Interrogating the Human Connectome
work_830cdb2e94e90639,2026.0,role_bridge,verified,14,resolved: linked to graph,NeuroMArVL: An interactive and collaborative web-based tool for visualizing brain networks
work_83ea881830d1ee9b,2019.0,adjacent_relevant,verified,13,resolved: linked to graph,Connection strength of the macaque connectome augments topological and functional network attributes
work_83fb52fa81473035,2013.0,role_bridge,refs-elided-or-none,,unresolved (refs-elided-or-none),JAABA: interactive machine learning for automatic annotation of animal behavior
work_8470676def87adc9,2026.0,adjacent_relevant,verified,5,resolved: linked to graph,POINTseq: cell-type-specific barcoding reveals single-cell projection architecture of the mouse dopaminergic system
work_84abe72fb4e55607,2020.0,adjacent_relevant,verified,29,resolved: linked to graph,Network neuroscience and the connectomics revolution
work_85d1d319bbb8229c,2018.0,adjacent_relevant,verified,10,resolved: linked to graph,A macaque connectome for large-scale network simulations in TheVirtualBrain
work_85df1ad0a08ba192,2023.0,adjacent_relevant,verified,7,resolved: linked to graph,Brain connectomics: time for a molecular imaging perspective?
work_85e12c3bfbfa6e39,2015.0,adjacent_relevant,refs-elided-or-none,,unresolved (refs-elided-or-none),Connectomics: comprehensive approaches for whole-brain mapping.
work_861d13773b8b6e2d,2019.0,adjacent_relevant,verified,31,resolved: linked to graph,A Brief History of Simulation Neuroscience
work_863949ff6ec36ab6,2023.0,core_relevant,refs-elided-or-none,,unresolved (refs-elided-or-none),A Soma Segmentation Benchmark in Full Adult Fly Brain
work_8772a05028b4521d,2016.0,role_bridge,verified,0,resolved: verified zero outbound links,NeuroNLP: a natural language portal for aggregated fruit fly brain data
work_885fd04a0c9e3cfa,2026.0,adjacent_relevant,verified,8,resolved: linked to graph,DigiMus: a connectome-informed spiking framework for multi-region mouse neural-behavior modeling
work_8940c7ec97850be8,2012.0,role_bridge,verified,3,resolved: linked to graph,The UCLA multimodal connectivity database: a web-based platform for brain connectivity matrix sharing and analysis
work_896ff9e7f90795c5,2021.0,adjacent_relevant,verified,18,resolved: linked to graph,The role of spatial embedding in mouse brain networks constructed from diffusion tractography and tracer injections
work_89b546868af40e06,2026.0,role_bridge,verified,12,resolved: linked to graph,NuGraph: Graph-Based Reasoning over 3D Primitives for Nucleus Segmentation Correction
work_8a6ce05393695c68,2020.0,role_bridge,no-doi,,unresolved (no-doi),Latent Feature Representation via Unsupervised Learning for Pattern Discovery in Massive Electron Microscopy Image Volum
work_8a9b4070c9c7d960,2012.0,adjacent_relevant,refs-elided-or-none,,unresolved (refs-elided-or-none),Discovering the Human Connectome
work_8ba1309e39ad81af,2014.0,role_bridge,verified,4,resolved: linked to graph,The Budapest Reference Connectome Server v2.0.
work_8bfb466bf9210767,2022.0,role_bridge,verified,0,resolved: verified zero outbound links,"Measuring Annotator Agreement Generally across Complex Structured, Multi-object, and Free-text Annotation Tasks"
work_8cca6106a84d43d6,2022.0,adjacent_relevant,refs-elided-or-none,,unresolved (refs-elided-or-none),Symmetry and Network Topology in Neuronal Circuits: Complicity of Form and Function
work_8d47ebd6cf769730,2011.0,adjacent_relevant,verified,11,resolved: linked to graph,A Multiscale Parallel Computing Architecture for Automated Segmentation of the Brain Connectome
work_8e8573ac5d1bbfd7,2014.0,adjacent_relevant,not-in-s2,,unresolved (not-in-s2),Common Connectome Constraints: From C. elegans and Drosophila to Homo sapiens
work_8ef597d9b53d5869,2022.0,adjacent_relevant,verified,14,resolved: linked to graph,Future Directions for Chemosensory Connectomes: Best Practices and Specific Challenges
work_8f57fcadbe445368,2025.0,adjacent_relevant,verified,4,resolved: linked to graph,Scalable automated segmentation quantifies mitochondrial proteins and morphology at the nanoscale
work_902cf6d1376f15b8,2024.0,core_relevant,refs-elided-or-none,,unresolved (refs-elided-or-none),Self-Supervised Edge Detection Reconstruction for Topology-Informed 3D Axon Segmentation and Centerline Detection
work_908f9dfa68a849c9,2020.0,core_relevant,verified,0,resolved: verified zero outbound links,Visual Correspondences for Unsupervised Domain Adaptation on Electron Microscopy Images
work_9224f576c520ade6,2023.0,role_bridge,verified,6,resolved: linked to graph,Online citizen science with the Zooniverse for analysis of biological volumetric data
work_925c3e324896606e,2016.0,core_relevant,verified,4,resolved: linked to graph,Microscopy Image Browser: A Platform for Segmentation and Analysis of Multidimensional Datasets
work_92a24ba81c8e5978,2017.0,adjacent_relevant,refs-elided-or-none,,unresolved (refs-elided-or-none),Mapping the connectome in awake surgery for gliomas: an update.
work_92a573e17ee62f83,2010.0,core_relevant,verified,2,resolved: linked to graph,Ssecrett and NeuroTrace: Interactive Visualization and Analysis Tools for Large-Scale Neuroscience Data Sets
work_92dec379d1c56f26,2024.0,core_relevant,not-in-s2,,unresolved (not-in-s2),"Modularity, Hierarchical Flows and Symmetry of the Drosophila Connectome"
work_961403604355e4a7,2019.0,adjacent_relevant,not-in-s2,,unresolved (not-in-s2),Deep Connectomics Networks: Neural Network Architectures Inspired by Neuronal Networks
work_971a4ba72345218e,2026.0,adjacent_relevant,verified,7,resolved: linked to graph,Inferring state-dependent functional circuit motifs using higher-order interactions analysis
work_975468f3186a2d44,2013.0,core_relevant,verified,9,resolved: linked to graph,Large-Scale Automatic Reconstruction of Neuronal Processes from Electron Microscopy Images
work_9b2bee51208c52e0,2024.0,adjacent_relevant,verified,8,resolved: linked to graph,FISBe: A Real-World Benchmark Dataset for Instance Segmentation of Long-Range thin Filamentous Structures
work_9b32917a4d853259,2016.0,role_bridge,verified,3,resolved: linked to graph,2015 Brainhack Proceedings
work_9c892cfd1d3dbe01,2026.0,core_relevant,verified,3,resolved: linked to graph,VEMamba: Efficient Isotropic Reconstruction of Volume Electron Microscopy with Axial-Lateral Consistent Mamba
work_9ca6628105d0c4ad,2023.0,adjacent_relevant,verified,3,resolved: linked to graph,Technical report: surgical preparation of human brain tissue for clinical and basic research
work_9ca8460cc0327e9f,2020.0,adjacent_relevant,verified,13,resolved: linked to graph,Brain Connectomes Come of Age
work_9cce9112b143d3f9,2008.0,adjacent_relevant,refs-elided-or-none,,unresolved (refs-elided-or-none),A technicolour approach to the connectome
work_9f1aee5bf41f83bb,2020.0,core_relevant,refs-elided-or-none,,unresolved (refs-elided-or-none),A connectomics approach to understanding a retinal disease
work_9fcf57e381b11acb,2014.0,core_relevant,verified,11,resolved: linked to graph,Automated Detection of Synapses in Serial Section Transmission Electron Microscopy Image Stacks
work_9fd52e39fdad0d0d,2016.0,core_relevant,verified,5,resolved: linked to graph,Functional complexity emerging from anatomical constraints in the brain: the significance of network modularity and rich
work_a09956f2846bbe45,2013.0,adjacent_relevant,verified,1,resolved: linked to graph,Large-scale network organization in the avian forebrain: a connectivity matrix and theoretical analysis
work_a1490cd29bdf5713,2019.0,adjacent_relevant,verified,6,resolved: linked to graph,Community correlations and testing independence between binary graphs
work_a1e7c7d72b96c595,2024.0,adjacent_relevant,verified,10,resolved: linked to graph,Relation of connectome topology to brain volume across 103 mammalian species
work_a22edcbd132ca34a,2015.0,adjacent_relevant,refs-elided-or-none,,unresolved (refs-elided-or-none),Comparison of diffusion tractography and tract‐tracing measures of connectivity strength in rhesus macaque connectome
work_a2407908e81f30b0,2024.0,adjacent_relevant,verified,3,resolved: linked to graph,Nature and nurture in fruit fly hearing
work_a276a8f78d1e7711,2023.0,adjacent_relevant,verified,21,resolved: linked to graph,Integrating multimodal and multiscale connectivity blueprints of the human cerebral cortex in health and disease
work_a29df339a1fb0da5,2024.0,adjacent_relevant,verified,7,resolved: linked to graph,NeuroVerse: Immersive exploration of 3D ultrastructural brain reconstructions for education and collaborative analysis
work_a492bc69201dabab,2018.0,adjacent_relevant,verified,1,resolved: linked to graph,Automatic navigation system for the mouse brain
work_a4d54fcd6dd11d2c,2014.0,core_relevant,verified,4,resolved: linked to graph,NeuroMorph: A Toolset for the Morphometric Analysis and Visualization of 3D Models Derived from Electron Microscopy Imag
work_a57783ce23fca41d,2025.0,adjacent_relevant,refs-elided-or-none,,unresolved (refs-elided-or-none),Controllability analysis of macaque structural connectome from an edge centric perspective
work_a5aafa50c460274e,2024.0,adjacent_relevant,verified,23,resolved: linked to graph,"Modular segmentation, spatial analysis and visualization of volume electron microscopy datasets"
work_a5f954f4563fcfc9,2018.0,core_relevant,verified,16,resolved: linked to graph,Flexible Learning-Free Segmentation and Reconstruction for Sparse Neuronal Circuit Tracing
work_a5ffdcdb193e952c,2014.0,adjacent_relevant,verified,4,resolved: linked to graph,CoCoTools: Open-source Software for Building Connectomes Using the CoCoMac Anatomical Database
work_a60d58482fdb3bfa,2019.0,adjacent_relevant,verified,6,resolved: linked to graph,Holographic Reconstruction of Axonal Pathways in the Human Brain
work_a6e8ffd247b8379d,2025.0,core_relevant,verified,11,resolved: linked to graph,Random Access Segmentation Volume Compression for Interactive Volume Rendering
work_a76161ef8ea1dd6b,2009.0,core_relevant,verified,1,resolved: linked to graph,Scalable and Interactive Segmentation and Visualization of Neural Processes in EM Datasets
work_a7ac590f096a331d,2019.0,adjacent_relevant,verified,4,resolved: linked to graph,"Reconstruction of 1,000 projection neurons reveals new cell types and organization of long-range connectivity in the mou"
work_a821a1b9fb48df72,2022.0,role_bridge,verified,4,resolved: linked to graph,The Developing Human Connectome Project Neonatal Data Release
work_a8301f93442a5582,2021.0,adjacent_relevant,verified,5,resolved: linked to graph,Subgraph nomination: query by example subgraph retrieval in networks
work_a83aea2e5aec23bc,2023.0,core_relevant,refs-elided-or-none,,unresolved (refs-elided-or-none),Mapping Alzheimer’s Molecular Pathologies in Large-Scale Connectomics Data: A Publicly Accessible Correlative Microscopy
work_a9283c4cc9510a89,2023.0,adjacent_relevant,verified,5,resolved: linked to graph,Cellular and laminar architecture: A short history and commentary
work_aa67a7c25f2f435b,2018.0,role_bridge,verified,6,resolved: linked to graph,Lead-DBS v2: Towards a comprehensive pipeline for deep brain stimulation imaging
work_aace58d8981653c0,2020.0,adjacent_relevant,verified,1,resolved: linked to graph,"Relating quantitative 7T MRI across cortical depths to cytoarchitectonics, gene expression and connectomics: a framework"
work_ab5ed7d2da38a631,2018.0,adjacent_relevant,verified,7,resolved: linked to graph,From Matrices to Knowledge: Using Semantic Networks to Annotate the Connectome
work_ab6296b9c563d6c0,2025.0,adjacent_relevant,not-in-s2,,unresolved (not-in-s2),Restoring Network Evolution from Static Structure
work_abf215762dd88bd3,2011.0,adjacent_relevant,verified,2,resolved: linked to graph,The Retrosplenial Cortex: Intrinsic Connectivity and Connections with the (Para)Hippocampal Region in the Rat. An Intera
work_ad46a1f8c544946f,2006.0,role_bridge,refs-elided-or-none,,unresolved (refs-elided-or-none),FANMOD: a tool for fast network motif detection
work_adc47fb958b56981,2025.0,adjacent_relevant,verified,2,resolved: linked to graph,Flexible Steering and Conflict Resolution: Pro-Goal/Anti-Goal Gating in Drosophila Lateral Accessory Lobes
work_ae35dcbe4ee37384,2021.0,adjacent_relevant,verified,8,resolved: linked to graph,An Open MRI Dataset For Multiscale Neuroscience
work_ae71590815fb9a2b,2019.0,role_bridge,verified,8,resolved: linked to graph,A Review of Intrinsic Optical Imaging Serial Blockface Histology (ICI-SBH) for Whole Rodent Brain Imaging
work_aea20c42d6eebc8d,2023.0,role_bridge,verified,12,resolved: linked to graph,Studying zebrafish nervous system structure and function in health and disease with electron microscopy
work_aebd692d3a9ff7ca,2021.0,role_bridge,verified,2,resolved: linked to graph,Connectomic Deep Brain Stimulation for Obsessive-Compulsive Disorder.
work_af073d72321fd44f,2024.0,adjacent_relevant,refs-elided-or-none,,unresolved (refs-elided-or-none),AD Pathology Spreading Detection Using Directional Motifs in Brain Connectomes
work_af593e0b9662ba81,2014.0,adjacent_relevant,verified,2,resolved: linked to graph,Frustrated hierarchical synchronization and emergent complexity in the human connectome network
work_af9d7bb1093dfbff,2023.0,adjacent_relevant,verified,5,resolved: linked to graph,Learning Multiscale Consistency for Self-Supervised Electron Microscopy Instance Segmentation
work_afc5847108c51ff0,2023.0,adjacent_relevant,verified,8,resolved: linked to graph,Analyzing Thalamocortical Tract-Tracing Experiments in a Common Reference Space
work_afe0fbf6e9c35179,2024.0,core_relevant,refs-elided-or-none,,unresolved (refs-elided-or-none),Neuproofreader: An Interactive Proofreading System with Suggestive Prompts for Connectomics
work_b0142f28782e124e,2022.0,adjacent_relevant,verified,8,resolved: linked to graph,Fear memory-associated synaptic and mitochondrial changes revealed by deep learning-based processing of electron microsc
work_b01bce564ce2e416,2009.0,adjacent_relevant,refs-elided-or-none,,unresolved (refs-elided-or-none),X-ray microscopy for neural circuit reconstruction
work_b0604b15b1df15d9,2016.0,adjacent_relevant,verified,8,resolved: linked to graph,Network Analysis and Visualization of Mouse Retina Connectivity Data
work_b0f4170db02ee937,2017.0,adjacent_relevant,verified,11,resolved: linked to graph,Role of Graph Architecture in Controlling Dynamical Networks with Applications to Neural Systems
work_b19047241efae5aa,2016.0,adjacent_relevant,verified,1,resolved: linked to graph,Gap junctions in C. elegans: Their roles in behavior and development
work_b28a841efc5f158e,2021.0,role_bridge,verified,8,resolved: linked to graph,Connectomic mapping of brain-spinal cord neural networks: future directions in assessing spinal cord injury at rest.
work_b394d6859daf9fc2,2013.0,role_bridge,verified,4,resolved: linked to graph,BrainNet Viewer: A Network Visualization Tool for Human Brain Connectomics
work_b3c92e5d910843af,2020.0,adjacent_relevant,verified,11,resolved: linked to graph,Automatic whole cell organelle segmentation in volumetric electron microscopy
work_b3ee57aade123586,2018.0,adjacent_relevant,verified,6,resolved: linked to graph,The Mouse Cortical Connectome Characterized by an Ultra Dense Cortical Graph Maintains Specificity by Distinct Connectiv
work_b40a22a2240776e3,2022.0,role_bridge,refs-elided-or-none,,unresolved (refs-elided-or-none),Enhancing Student Research Experiences with Open Data from the Allen Brain Map.
work_b4a11e45d1e24136,2022.0,adjacent_relevant,verified,11,resolved: linked to graph,Reprogramming the topology of the nociceptive circuit in C. elegans reshapes sexual behavior
work_b4c2e7661a5e5142,2021.0,core_relevant,not-in-s2,,unresolved (not-in-s2),Large-scale image segmentation based on distributed clustering algorithms
work_b615c7f2d7acb6f5,2021.0,adjacent_relevant,refs-elided-or-none,,unresolved (refs-elided-or-none),Anatomical and functional connectomes underlying hierarchical visual processing in mouse visual system
work_b64e797daab8dabf,2024.0,core_relevant,refs-elided-or-none,,unresolved (refs-elided-or-none),Bilateral Symmetry and Asymmetry in the C. elegans Connectome: A Graph-Theoretic Analysis based on Redundancy Measures
work_b833458e7c3a0bc0,2021.0,adjacent_relevant,verified,13,resolved: linked to graph,Statistical Perspective on Functional and Causal Neural Connectomics: A Comparative Study
work_b866698ca919a87c,2024.0,adjacent_relevant,refs-elided-or-none,,unresolved (refs-elided-or-none),"Structure, biophysics, and circuit function of a “giant” cortical presynaptic terminal"
work_b8d1a760494a9230,2010.0,adjacent_relevant,refs-elided-or-none,,unresolved (refs-elided-or-none),Beyond the wiring diagram: signalling through complex neuromodulator networks
work_b8d5a00c3d287d93,2021.0,adjacent_relevant,verified,3,resolved: linked to graph,Dense functional and molecular readout of a circuit hub in sensory cortex
work_b93454c723b2401e,2023.0,adjacent_relevant,verified,9,resolved: linked to graph,Translating single-neuron axonal reconstructions into meso-scale connectivity statistics in the mouse somatosensory thal
work_bb2d4b0826e2349f,2016.0,adjacent_relevant,verified,2,resolved: linked to graph,Discovering and deciphering relationships across disparate data modalities
work_bb38c758171f3527,2018.0,adjacent_relevant,verified,5,resolved: linked to graph,NeuroMorphoVis: a collaborative framework for analysis and visualization of neuronal morphology skeletons reconstructed 
work_bbd9387a25c87eb2,2025.0,role_bridge,verified,1,resolved: linked to graph,An Advanced Undergraduate Laboratory Course: Calcium Imaging and Data Analysis – a Mini Graduate Research Experience
work_be4e434079225987,2022.0,core_relevant,verified,14,resolved: linked to graph,Reconstructing neural circuits using multiresolution correlated light and electron microscopy
work_be80d8a355c9f3bc,2012.0,adjacent_relevant,refs-elided-or-none,,unresolved (refs-elided-or-none),Large scale brain models of epilepsy: dynamics meets connectomics
work_be994e78601aefa2,2019.0,adjacent_relevant,verified,2,resolved: linked to graph,Gotta Trace ‘em All: A Mini-Review on Tools and Procedures for Segmenting Single Neurons Toward Deciphering the Structur
work_bf960a676e2587a3,2022.0,core_relevant,verified,13,resolved: linked to graph,Petascale pipeline for precise alignment of images from serial section electron microscopy
work_c0291cd6d5d32157,2019.0,role_bridge,verified,4,resolved: linked to graph,BRAIN Initiative: Cutting-Edge Tools and Resources for the Community
work_c0da79108172b87a,2025.0,core_relevant,verified,3,resolved: linked to graph,FGNet: Leveraging Feature-Guided Attention to Refine SAM2 for 3D EM Neuron Segmentation
work_c100d45c17eea38c,2024.0,adjacent_relevant,refs-elided-or-none,,unresolved (refs-elided-or-none),VF2-PS: Parallel and Scalable Subgraph Monomorphism in Arachne
work_c285a4f34f98067b,2014.0,role_bridge,refs-elided-or-none,,unresolved (refs-elided-or-none),The huge plastic potential of adult brain and the role of connectomics: new insights provided by serial mappings in glio
work_c359e0f8d709c787,2015.0,role_bridge,not-in-s2,,unresolved (not-in-s2),What Properties are Desirable from an Electron Microscopy Segmentation Algorithm
work_c36c4a98a2fae36f,2022.0,adjacent_relevant,verified,2,resolved: linked to graph,Brain-wide analysis of the supraspinal connectome reveals anatomical correlates to functional recovery after spinal inju
work_c3d2ff5751f373b9,2013.0,role_bridge,verified,4,resolved: linked to graph,The history of CoCoMac
work_c47d226b15590ce5,2022.0,adjacent_relevant,refs-elided-or-none,,unresolved (refs-elided-or-none),CELR: Cloud Enhanced Local Reconstruction from low-dose sparse Scanning Electron Microscopy images
work_c4a1b205c0870b53,2023.0,role_bridge,verified,7,resolved: linked to graph,Development of an educational method to rethink and learn oncological brain surgery in an “a la carte” connectome-based 
work_c5d4203ffdbb350d,2019.0,adjacent_relevant,verified,12,resolved: linked to graph,Multiplexed peroxidase-based electron microscopy labeling enables simultaneous visualization of multiple cell types
work_c6c7c7be755bd0ff,2018.0,role_bridge,verified,7,resolved: linked to graph,Eigenvector-based community detection for identifying information hubs in neuronal networks
work_c6d55d0de76f71ec,2022.0,role_bridge,verified,1,resolved: linked to graph,Dynamic Oscillations Evoked by Subcallosal Cingulate Deep Brain Stimulation
work_c75e4516d8791df4,2015.0,adjacent_relevant,verified,3,resolved: linked to graph,Large-scale imaging in small brains
work_c85ce51f03374702,2015.0,role_bridge,verified,6,resolved: linked to graph,neuTube 1.0: A New Design for Efficient Neuron Reconstruction Software Based on the SWC Format
work_c9bf6cbc3f5f5e1f,2026.0,adjacent_relevant,verified,11,resolved: linked to graph,vEMINR: Ultra‐Fast Isotropic Reconstruction for Volume Electron Microscopy With Implicit Neural Representation
work_ca230af7d754805e,2017.0,adjacent_relevant,verified,14,resolved: linked to graph,"Structural and functional, empirical and modeled connectivity in the cerebral cortex of the rat"
work_cb964ec21532f053,2016.0,role_bridge,verified,3,resolved: linked to graph,Further Insight into the Brain's Rich-Club Architecture
work_cbaba8fab497ba74,2022.0,adjacent_relevant,verified,6,resolved: linked to graph,Deep neural network automated segmentation of cellular structures in volume electron microscopy
work_cbbe61f406dbaa9a,2020.0,adjacent_relevant,verified,7,resolved: linked to graph,Gap junctions: historical discoveries and new findings in the Caenorhabditis elegans nervous system
work_cc1516e30831abf8,2026.0,role_bridge,verified,12,resolved: linked to graph,Embracing the suboptimal organization of the human brain.
work_cc91c8e0ef1cec88,2017.0,adjacent_relevant,refs-elided-or-none,,unresolved (refs-elided-or-none),Connectomics and other novel methods for examining neural systems.
work_cc93f37d9cda41ed,2020.0,adjacent_relevant,verified,8,resolved: linked to graph,Neuronal classification from network connectivity via adjacency spectral embedding
work_cccecad214653fb7,2018.0,adjacent_relevant,verified,5,resolved: linked to graph,Sensorimotor integration in Caenorhabditis elegans: a reappraisal towards dynamic and distributed computations
work_cdaba67073fdedc2,2012.0,adjacent_relevant,verified,0,resolved: verified zero outbound links,Identifying behavioral circuits in Drosophila melanogaster: Moving targets in a flying insect
work_cdc13855d8ed503c,2024.0,adjacent_relevant,refs-elided-or-none,,unresolved (refs-elided-or-none),Whole-brain spatial organization of hippocampal single-neuron projectomes
work_ce7ad39365f63884,2013.0,role_bridge,verified,3,resolved: linked to graph,neuroMAP — Interactive graph-visualization of the fruit fly's neural circuit
work_ce9aa9b4ba4b8580,2025.0,role_bridge,verified,16,resolved: linked to graph,Benchmarking overlapping community detection methods for applications in human connectomics
work_cf8597f57b9fa631,2019.0,adjacent_relevant,refs-elided-or-none,,unresolved (refs-elided-or-none),Reprint of: Mapping human brain lesions and their functional consequences
work_cffa3ab0187dba21,2020.0,adjacent_relevant,verified,4,resolved: linked to graph,An interactive ImageJ plugin for semi-automated image denoising in electron microscopy
work_d009d02c21871957,2016.0,role_bridge,not-in-s2,,unresolved (not-in-s2),Machine Learning on Human Connectome Data from MRI
work_d09866448cd69dbb,2023.0,role_bridge,verified,17,resolved: linked to graph,Connectomic Networks and Their Impact on Clinical Outcomes in Glioma Treatment: A Review
work_d17b4ee773b57bde,2015.0,role_bridge,refs-elided-or-none,,unresolved (refs-elided-or-none),Connectomics and graph theory analyses: Novel insights into network abnormalities in epilepsy
work_d1c176b87a4825be,2019.0,adjacent_relevant,refs-elided-or-none,,unresolved (refs-elided-or-none),Millisecond two-photon optical ribbon imaging for small-animal functional connectome study.
work_d1f2442f6d43b0fa,2024.0,adjacent_relevant,verified,10,resolved: linked to graph,Unambiguous identification of asymmetric and symmetric synapses using volume electron microscopy
work_d27171e633af746f,2022.0,role_bridge,verified,24,resolved: linked to graph,"Igneous: Distributed dense 3D segmentation meshing, neuron skeletonization, and hierarchical downsampling"
work_d2abedfe2fe8e9a8,2015.0,role_bridge,refs-elided-or-none,,unresolved (refs-elided-or-none),The connectomics of brain disorders
work_d2b5a656b5988a70,2022.0,adjacent_relevant,verified,2,resolved: linked to graph,PointNeuron: 3D Neuron Reconstruction via Geometry and Topology Learning of Point Clouds
work_d2c3bba07feec3fd,2025.0,role_bridge,verified,2,resolved: linked to graph,Buried Treasure? Overlooked and Newly Discovered Evolutionary Contributions to Human Brain Diseases
work_d3a28ecbfb6e7ac0,2017.0,adjacent_relevant,verified,8,resolved: linked to graph,Methods to investigate the structure and connectivity of the nervous system
work_d3be9b5edaedfc45,2018.0,role_bridge,verified,6,resolved: linked to graph,A Survey of Methods for 3D Histology Reconstruction
work_d3cf22e003428382,2012.0,adjacent_relevant,verified,8,resolved: linked to graph,Statistical Inference on Errorfully Observed Graphs
work_d4395c114414a2d9,2023.0,adjacent_relevant,not-in-s2,,unresolved (not-in-s2),Hypergraphs Demonstrate Anastomoses During Divergent Integration
work_d478e4e9b45418c2,2026.0,role_bridge,refs-elided-or-none,,unresolved (refs-elided-or-none),Memory Trade-Offs in Neuromorphic Communication Strategies of the Flywire Connectome on Loihi 2
work_d4793789155c9aab,2021.0,role_bridge,verified,1,resolved: linked to graph,"NEST Desktop, an Educational Application for Neuroscience"
work_d5ad5ca1e8b7dce0,2014.0,role_bridge,verified,0,resolved: verified zero outbound links,On the Changing Roles of Neuroimaging in Rehabilitation Science
work_d5b1332c20a5f502,2026.0,role_bridge,verified,3,resolved: linked to graph,Neuropeptide visualization using split GFP in live C. elegans
work_d5c8af4726aacdfa,2022.0,role_bridge,verified,6,resolved: linked to graph,The Concept of «Peritumoral Zone» in Diffuse Low-Grade Gliomas: Oncological and Functional Implications for a Connectome
work_d818ff83c362d839,2022.0,role_bridge,verified,3,resolved: linked to graph,Imposing Connectome-Derived Topology on an Echo State Network
work_d8903c75ab0f5c33,2021.0,role_bridge,verified,5,resolved: linked to graph,Sequential Semi-supervised Segmentation for Serial Electron Microscopy Image with Small Number of Labels.
work_d8c666468a7edf78,2022.0,role_bridge,not-in-s2,,unresolved (not-in-s2),BrainViewer: interacting with spatial connectome data at the mesoscale
work_d8e0189ccce2bc1e,2026.0,adjacent_relevant,refs-elided-or-none,,unresolved (refs-elided-or-none),Nervous system-wide single-cell morphology atlas of excitatory and inhibitory neurons in larval zebrafish
work_d90f43209def3e2b,2018.0,role_bridge,verified,4,resolved: linked to graph,Structure-based Intensity Propagation for 3D Brain Reconstruction with Multilayer Section Microscopy
work_d9b7b7ed16c392bd,2023.0,adjacent_relevant,no-doi,,unresolved (no-doi),Inferring Causality from Time Series data based on Structural Causal Model and its application to Neural Connectomics
work_dac6806b697ff0a2,2015.0,role_bridge,verified,5,resolved: linked to graph,Possum—A Framework for Three-Dimensional Reconstruction of Brain Images from Serial Sections
work_dbb180626b24dcbb,2020.0,adjacent_relevant,refs-elided-or-none,,unresolved (refs-elided-or-none),NIMG-69. PERSONALIZED CONNECTOMIC SIGNATURES: BRIDGING THE GAP BETWEEN NEURO-ONCOLOGY AND CONNECTOMICS
work_dbf620e436498336,2020.0,adjacent_relevant,verified,4,resolved: linked to graph,Mesoscopic architecture enhances communication across the macaque connectome revealing structure-function correspondence
work_dc4993b941bc6e35,2019.0,adjacent_relevant,verified,16,resolved: linked to graph,Leveraging Domain Knowledge to Improve Microscopy Image Segmentation With Lifted Multicuts
work_dcf30967b3ef3766,2019.0,role_bridge,refs-elided-or-none,,unresolved (refs-elided-or-none),Neuroscience and education: Cerebral lateralization of networks and oscillations in dyslexia
work_ddf9e040f87db575,2012.0,adjacent_relevant,verified,9,resolved: linked to graph,Computational Methods and Challenges for Large-Scale Circuit Mapping
work_e00a7fb6feedbf91,2016.0,adjacent_relevant,verified,9,resolved: linked to graph,A platform for brain-wide imaging and reconstruction of individual neurons
work_e00aa02a171f6969,2018.0,adjacent_relevant,verified,7,resolved: linked to graph,The Nomenclature of Human White Matter Association Pathways: Proposal for a Systematic Taxonomic Anatomical Classificati
work_e0e948e508cda1e4,2017.0,role_bridge,verified,2,resolved: linked to graph,Suggestive Annotation: A Deep Active Learning Framework for Biomedical Image Segmentation
work_e0fcd7be8bddea39,2025.0,adjacent_relevant,verified,3,resolved: linked to graph,A dynamic bifurcation mechanism explains cortex-wide neural correlates of conscious access.
work_e1dcb9a05897ad2e,2021.0,adjacent_relevant,verified,9,resolved: linked to graph,Interpreting the Entire Connectivity of Individual Neurons in Micropatterned Neural Culture With an Integrated Connectom
work_e2cb4f4ec9b85555,2010.0,role_bridge,verified,0,resolved: verified zero outbound links,V3D enables real-time 3D visualization and quantitative analysis of large-scale biological image data sets
work_e2cbde329dc5c463,2018.0,adjacent_relevant,not-in-s2,,unresolved (not-in-s2),A Review of Network Inference Techniques for Neural Activation Time Series
work_e2e885d60174dbaa,2025.0,adjacent_relevant,refs-elided-or-none,,unresolved (refs-elided-or-none),"Sexual dimorphism in pheromone perception across worms, flies, and rodents."
work_e30a6d4c2698e359,2018.0,role_bridge,verified,5,resolved: linked to graph,A Disinhibitory Circuit Motif and Flexible Information Routing in the Brain
work_e3277619bfed476c,2019.0,role_bridge,verified,1,resolved: linked to graph,Mapping brain asymmetry in health and disease through the ENIGMA consortium
work_e4b57c3bbf92905b,2015.0,adjacent_relevant,verified,8,resolved: linked to graph,Measuring macroscopic brain connections in vivo
work_e4ddb9363ec5d96d,2021.0,role_bridge,verified,8,resolved: linked to graph,A quick and versatile protocol for the 3D visualization of transgene expression across the whole body of larval Drosophi
work_e50b457cd2b8a4c8,2016.0,adjacent_relevant,verified,5,resolved: linked to graph,Neural Elements for Predictive Coding
work_e6ba1120353d949e,2018.0,role_bridge,verified,2,resolved: linked to graph,Tracing in 2D to Reduce the Annotation Effort for 3D Deep Delineation
work_e72522d83aedc294,2014.0,role_bridge,refs-elided-or-none,,unresolved (refs-elided-or-none),From cosmos to connectomes: the evolution of data-intensive science.
work_e7614371d25495f7,2019.0,role_bridge,verified,0,resolved: verified zero outbound links,Connectomics and Molecular Imaging in Neurodegeneration
work_e8031a18fbb0ced6,2011.0,role_bridge,verified,0,resolved: verified zero outbound links,Spatial gradients and multidimensional dynamics in a neural integrator circuit
work_e839761dc3958429,2019.0,role_bridge,verified,0,resolved: verified zero outbound links,Cognitive and non-cognitive outcomes associated with student engagement in a novel brain mapping and connectomics course
work_e88643373ef8c2b8,2017.0,role_bridge,verified,0,resolved: verified zero outbound links,UpSetR: an R package for the visualization of intersecting sets and their properties
work_e967f552dce67b5b,2011.0,core_relevant,verified,5,resolved: linked to graph,Automated Detection and Segmentation of Synaptic Contacts in Nearly Isotropic Serial Electron Microscopy Images
work_e9d8ca26efe55228,2024.0,role_bridge,verified,5,resolved: linked to graph,A recurrent neural circuit in Drosophila temporally sharpens visual inputs
work_ea0df73c9f835456,2013.0,adjacent_relevant,verified,0,resolved: verified zero outbound links,Courtship behavior in Drosophila melanogaster: towards a ‘courtship connectome’
work_eb8b627996721a7c,2015.0,adjacent_relevant,verified,3,resolved: linked to graph,Neuroinformatics of the Allen Mouse Brain Connectivity Atlas.
work_eb960daf190dabc6,2019.0,role_bridge,verified,4,resolved: linked to graph,Inhibiting mGluR5 activity by AFQ056/Mavoglurant rescues circuit‐specific functional connectivity in Fmr1 knockout mice
work_ec203e98203cd559,2025.0,role_bridge,verified,0,resolved: verified zero outbound links,Olfactory Testing and Gray Matter Volume: A Combined Approach to Predict the Conversion to Alzheimer
work_ed758019e16d0616,2025.0,role_bridge,not-in-s2,,unresolved (not-in-s2),AI-driven Large-scale Electron Microscopy enables Whole-tissue Subcellular Digitization
work_ee57126ff2ea8212,2016.0,role_bridge,verified,0,resolved: verified zero outbound links,3D U-Net: Learning Dense Volumetric Segmentation from Sparse Annotation
work_efc0158084170b5d,2026.0,role_bridge,verified,7,resolved: linked to graph,Digging Deep into Alzheimer Disease: How Electron Microscopy Helps Elucidating Its Pathogenesis
work_f042760cc79f80e4,2022.0,role_bridge,verified,60,resolved: linked to graph,How innovations in methodology offer new prospects for volume electron microscopy
work_f0db5f459abbc488,2024.0,adjacent_relevant,verified,0,resolved: verified zero outbound links,Implementing engrams from a machine learning perspective: XOR as a basic motif
work_f0f189f0d384e1f8,2017.0,role_bridge,verified,0,resolved: verified zero outbound links,Nanoscale imaging of clinical specimens using pathology-optimized expansion microscopy
work_f1ac0655f883a197,2025.0,role_bridge,verified,12,resolved: linked to graph,The Oviposition Inhibitory Neuron is a Potential Hub of Multi-Circuit Integration in the Drosophila Brain
work_f1adda98b958f981,2026.0,adjacent_relevant,verified,3,resolved: linked to graph,Coherent-resonant netting: disorder-enhanced selectivity from transient wave-like dynamics on biological connectomes
work_f1fc09a6b364de70,2015.0,adjacent_relevant,verified,1,resolved: linked to graph,Dynamic range in the C. elegans brain network.
work_f25bf69244ee74b4,2026.0,role_bridge,verified,6,resolved: linked to graph,RAEM: random-access electron microscopy for revisitable 3D imaging
work_f2cb9330c22ec6c6,2019.0,role_bridge,refs-elided-or-none,,unresolved (refs-elided-or-none),Regularize Network Skip Connections by Gating Mechanisms for Electron Microscopy Image Segmentation
work_f309e0f9912def93,2025.0,adjacent_relevant,verified,6,resolved: linked to graph,The mysterious middlemen making your vision pop: understanding the function of amacrine cells
work_f4817c11c2011073,2024.0,adjacent_relevant,refs-elided-or-none,,unresolved (refs-elided-or-none),Molecular patterns of evolutionary changes throughout the whole nervous system of multiple nematode species
work_f4eab2ff424ba24f,2004.0,core_relevant,verified,1,resolved: linked to graph,Search for computational modules in the C. elegans brain
work_f564e747dd483712,2021.0,adjacent_relevant,verified,5,resolved: linked to graph,Multimodal Magnetic Resonance Histology and Light Sheet Imaging for Quantitative Neurogenetics of the Mouse
work_f56a7ec87aa3e03a,2018.0,core_relevant,verified,22,resolved: linked to graph,VAST (Volume Annotation and Segmentation Tool): Efficient Manual and Semi-Automatic Labeling of Large 3D Image Stacks
work_f6d37f1af73ffaef,2018.0,adjacent_relevant,refs-elided-or-none,,unresolved (refs-elided-or-none),Clues to basis of exploratory behaviour of the C. elegans snout from head somatotropy
work_f6ea4c18473a14ac,2014.0,adjacent_relevant,verified,4,resolved: linked to graph,Graph Matching: Relax at Your Own Risk
work_f7a38202b00ec79c,2017.0,adjacent_relevant,verified,3,resolved: linked to graph,Graffinity: Visualizing Connectivity in Large Graphs
work_f7cf39ff629c4544,2013.0,adjacent_relevant,verified,13,resolved: linked to graph,"Retinal Connectomics: Towards Complete, Accurate Networks"
work_f7d82000e0d7fff7,2020.0,adjacent_relevant,not-in-s2,,unresolved (not-in-s2),Neuro-PC: Causal Functional Connectivity from Neural Dynamics
work_f7ecc587c80f537e,2021.0,adjacent_relevant,not-in-s2,,unresolved (not-in-s2),Leveraging semantically similar queries for ranking via combining representations
work_f89235b38a4cc138,2025.0,adjacent_relevant,verified,15,resolved: linked to graph,"Volume Electron Microscopy: Imaging Principles, Computational Advances and Applications in Multi-Scale Biological System"
work_f8eabb08474bb993,2018.0,adjacent_relevant,verified,4,resolved: linked to graph,CDeep3M - Plug-and-Play cloud based deep learning for image segmentation
work_f8ee6d98ba276767,2007.0,adjacent_relevant,refs-elided-or-none,,unresolved (refs-elided-or-none),"Online retrieval, processing, and visualization of primate connectivity data from the CoCoMac Database"
work_f960fec2204ccebe,2025.0,core_relevant,verified,4,resolved: linked to graph,Sparse Graph Reconstruction and Seriation for Large-Scale Image Stacks
work_fa80aaa0decb21f5,2020.0,adjacent_relevant,verified,9,resolved: linked to graph,Correcting a nonparametric two-sample graph hypothesis test for graphs with different numbers of vertices with applicati
work_fac9c19041b2d700,2022.0,role_bridge,verified,12,resolved: linked to graph,A Personalized Longitudinal Strategy in Low-Grade Glioma Patients: Predicting Oncological and Neural Interindividual Var
work_facd830890c864ef,2019.0,core_relevant,verified,5,resolved: linked to graph,TeraVR empowers precise reconstruction of complete 3-D neuronal morphology in the whole brain
work_fb288126909ecad7,2018.0,adjacent_relevant,refs-elided-or-none,,unresolved (refs-elided-or-none),Mitochondria at the neuronal presynapse in health and disease
work_fb4bc9a9581bb231,2018.0,adjacent_relevant,verified,8,resolved: linked to graph,Whole Mouse Brain Structural Connectomics using Magnetic Resonance Histology
work_fbae4e123c64163d,2017.0,adjacent_relevant,verified,2,resolved: linked to graph,Single- and Multiple-Shell Uniform Sampling Schemes for Diffusion MRI Using Spherical Codes
work_fbf91a06dcaae45b,2024.0,core_relevant,refs-elided-or-none,,unresolved (refs-elided-or-none),Inferring community architectures of multisensory pathways in Drosophila via unsupervised network embedding
work_fc2482a7f46c841c,2022.0,core_relevant,refs-elided-or-none,,unresolved (refs-elided-or-none),Semi-Supervised Neuron Segmentation via Reinforced Consistency Learning
work_fc4395dbd3ff1652,2022.0,adjacent_relevant,verified,5,resolved: linked to graph,Networking of the Human Cerebellum: From Anatomo-Functional Development to Neurosurgical Implications
work_fc95ff3ab16691ff,2026.0,adjacent_relevant,verified,12,resolved: linked to graph,Experimental quality control induces changes in Allen mouse brain connectomes
work_fde970338418a1c7,2025.0,adjacent_relevant,verified,3,resolved: linked to graph,Transfer learning improves performance in volumetric electron microscopy organelle segmentation across tissues
work_ff7b8e3b7dee18f2,2020.0,adjacent_relevant,refs-elided-or-none,,unresolved (refs-elided-or-none),Drosophila Brain Functional Data Analysis: A Unified Framework
work_39c260e37ed45039,1986.0,core_relevant,refs-elided-or-none,,unresolved (refs-elided-or-none),The structure of the nervous system of the nematode Caenorhabditis elegans
work_21c10d8f3b695a0c,2004.0,core_relevant,verified,0,resolved: verified zero outbound links,Serial Block-Face Scanning Electron Microscopy to Reconstruct Three-Dimensional Tissue Nanostructure
work_ab4936e9fe95de49,2015.0,core_relevant,refs-elided-or-none,,unresolved (refs-elided-or-none),Saturated Reconstruction of a Volume of Neocortex
work_5c2378945eccb27f,2013.0,core_relevant,refs-elided-or-none,,unresolved (refs-elided-or-none),Connectomic reconstruction of the inner plexiform layer in the mouse retina
work_3cf844f488b27a48,2011.0,core_relevant,refs-elided-or-none,,unresolved (refs-elided-or-none),Wiring specificity in the direction-selectivity circuit of the retina
work_7b437ce3ba4d27c5,2017.0,core_relevant,verified,13,resolved: linked to graph,High-precision automated reconstruction of neurons with flood-filling networks
work_cf9199d8b0ccf668,2011.0,core_relevant,refs-elided-or-none,,unresolved (refs-elided-or-none),High-accuracy neurite reconstruction for high-throughput neuroanatomy
work_a83752a657d4ec4e,2014.0,core_relevant,verified,2,resolved: linked to graph,Space-time wiring specificity supports direction selectivity in the retina
