class,jaccard,preprint_wid,published_wid,preprint_doi,published_doi,cites_a,cites_b,cites_summed,years,title,in_working_view
preprint_published,0.824,work_86cd789b5e2d994e,work_ee62b1ccfb61291e,10.1101/2022.07.26.501544,,3,4,7,2023/2022,Connectome spectrum electromagnetic tomography: a method to reconstruct electrical brain sources at ,neither
preprint_published,0.8,work_fa0086ad5e899c87,work_3ec538b5a1a71a82,10.1101/2021.10.18.464713,10.1038/s41467-022-31730-5,1,97,98,2021/2022,Structural network alterations in focal and generalized epilepsy assessed in a worldwide ENIGMA stud,neither
preprint_published,0.778,work_0776b0d544c24d0d,work_69e7adba45a58243,10.1101/403105,10.1073/pnas.1814785115,5,174,179,2018/2018,Multilayer network switching rate predicts brain performance,neither
preprint_published,0.769,work_3167944ed8876ef1,work_c264471fa138e632,10.1101/649731,10.1038/s41593-020-0607-9,10,134,144,2019/2020,Recurrent architecture for adaptive regulation of learning in the insect brain,both
preprint_published,0.765,work_caded82b4ff6f38b,work_2e89582f1e165cd3,10.1101/368878,10.7554/elife.40247,1,57,58,2018/2018,Convergence of monosynaptic and polysynaptic sensory paths onto common motor outputs in a Drosophila,both
preprint_published,0.75,work_14b6d5aa74ac49e7,work_ba255a04a84e1e9c,10.1101/2025.04.05.647403,10.1073/pnas.2603286123,3,0,3,2025/2026,Approaching a connectome of the human foveal retina,both
preprint_published,0.733,work_ba4c840d8621530a,work_89a1c3d1c130ab2c,10.1101/115204,10.7554/elife.26349.042,13,2,15,2017/2017,Author response: Synaptic and peptidergic connectome of a neurosecretory center in the annelid brain,neither
preprint_published,0.722,work_1abefbc844f53786,work_783a1dd4e73fe636,10.21203/rs.3.rs-3121892/v1,10.1038/s41467-024-50411-z,4,9,13,2023/2024,Multiplexed volumetric CLEM enabled by scFvs provides insights into the cytology of cerebellar corte,both
preprint_published,0.722,work_d2aa9ba75c9f5683,work_4c9179082aa8723a,10.1101/731083,10.1038/s41467-020-18494-6,0,42,42,2019/2020,Surfaceome dynamics reveal proteostasis-independent reorganization of neuronal surface proteins duri,one
preprint_published,0.7,work_2a895c41d7dc42a3,work_f30031f2d37b416e,10.1101/2021.04.02.438164,10.1016/j.isci.2021.103601,2,28,30,2021/2021,Multi-scale light microscopy/electron microscopy neuronal imaging from brain to synapse with a tissu,both
preprint_published,0.7,work_afbb7bf278fca34e,work_76655a3d58be42ad,10.1101/2024.02.21.581243,10.1088/2632-2153/ad6230,1,22,23,2024/2024,Simulation-based inference on virtual brain models of disorders,neither
preprint_published,0.692,work_24c9d58c113a2b86,work_97f80d18931aae82,10.1101/615161,10.1093/gigascience/giaa147,9,4,13,2019/2020,"Toward a scalable framework for reproducible processing of volumetric, nanoscale neuroimaging datase",both
preprint_published,0.688,work_5cacc375519272f8,work_7d109ac5ec7ba974,10.1101/212423,10.1098/rstb.2017.0377,5,22,27,2017/2018,Functional connectomics from neural dynamics: probabilistic graphical models for neuronal network of,both
preprint_published,0.684,work_caded82b4ff6f38b,work_03af12da3a95c029,10.1101/368878,10.7554/elife.40247.049,1,1,2,2018/2018,Author response: Convergence of monosynaptic and polysynaptic sensory paths onto common motor output,one
preprint_published,0.684,work_aace58d8981653c0,work_95f1a1464a053731,10.1101/2020.02.05.935080,10.1002/hbm.25595,2,27,29,2020/2021,"Relating quantitative 7T MRI across cortical depths to cytoarchitectonics, gene expression and conne",one
preprint_published,0.667,work_71e40079f57e9b0b,work_7ea8cdfa5d969915,10.1101/2020.07.15.204263,10.1016/j.celrep.2022.110416,4,78,82,2020/2022,Astrocyte-neuron crosstalk through Hedgehog signaling mediates cortical synapse development,one
preprint_published,0.667,work_24df8696bc3bda1a,work_27afcee75e81515b,10.1101/2020.09.16.300384,10.1016/j.neuroimage.2021.118190,0,25,25,2020/2021,Emergence of canonical functional networks from the structural connectome,neither
preprint_published,0.647,work_d877a14b14e535c5,work_87c076771ae6ecb0,10.21203/rs.3.rs-8687892/v1,10.1002/alz70856_100814,5,0,5,2026/2025,Brain connectivity drives tau presence while regional vulnerability drives tau load in Alzheimer's d,both
preprint_published,0.643,work_990d7d6abfa17e5a,work_324fa11700fbfc52,10.1101/852863,10.1017/s1431927618006621,18,1,19,2019/2018,Breaking Barriers of FIB-SEM for Large Volume Connectomics and Cell Biology,one
preprint_published,0.643,work_cedfe8675c5b0800,work_fb4d76e8870731a5,10.1101/2020.06.22.165621,10.7554/elife.64694,3,74,77,2020/2021,An expanding manifold in transmodal regions characterizes adolescent reconfiguration of structural c,neither
preprint_published,0.643,work_55a31c8884d2dba2,work_0fec0014dc0379d0,10.1101/2023.01.23.525290,10.1038/s41586-024-07780-8,35,61,96,2023/2025,Inhibitory specificity from a connectomic census of mouse visual cortex,both
preprint_published,0.636,work_991f78c0915f23f3,work_b03ba2eb24d3ca63,10.1101/2023.10.20.563322,10.1038/s41586-025-09554-2,15,7,22,2023/2025,Selective presynaptic inhibition of leg proprioception in behaving Drosophila,both
preprint_published,0.632,work_44b42b742b2087f0,work_3124a20f92cb886a,10.1101/2022.12.05.519094,10.7554/elife.85442,7,14,21,2023/2024,Cell type-specific connectome predicts distributed working memory activity in the mouse brain,both
preprint_published,0.632,work_79f974e385905be1,work_fee3a782a01f757d,10.1101/2020.06.17.156430,10.1523/jneurosci.2463-21.2022,4,7,11,2020/2022,Electrophysiological Validation of Monosynaptic Connectivity between Premotor Interneurons and the a,both
preprint_published,0.625,work_ecaef2f8e1cada2f,work_4516798588ca1a81,10.1101/2024.06.14.598973,10.1371/journal.pbio.3002710,1,11,12,2024/2025,The multiscale brain structural re-organization that occurs from childhood to adolescence correlates,neither
preprint_published,0.625,work_bb8d8f33589a21a6,work_4b37a6f905cdcd31,10.20944/preprints201811.0038.v1,10.3390/jdb7020008,0,16,16,2018/2019,Novel Technological Advances in Functional Connectomics in C. elegans,both
preprint_published,0.625,work_4bae868eedccea34,work_c5784542bb14c39f,10.1101/125161,10.1016/j.neuroimage.2017.12.059,12,406,418,2017/2017,Quantitative Assessment of Structural Image Quality,neither
preprint_published,0.615,work_e582425de06520de,work_7a7ede8e181b212c,10.1101/153247,10.1016/j.neuron.2018.10.023,3,65,68,2017/2018,Segregated Subnetworks of Intracortical Projection Neurons in Primary Visual Cortex.,both
preprint_published,0.615,work_0c62223b980049c1,work_31d1fee6f2ffabfe,10.1101/2020.08.29.273276,10.7554/elife.62576,31,289,320,2020/2020,The connectome of the adult Drosophila mushroom body provides insights into function,both
preprint_published,0.611,work_bf1e465eb6d97f22,work_9adeabbddfc40832,10.1101/473603,10.1016/j.neuroimage.2019.116276,20,268,288,2018/2019,Deep Neural Networks and Kernel Regression Achieve Comparable Accuracies for Functional Connectivity,neither
preprint_published,0.6,work_3fd2f5aa50a78cc3,work_b081efa3bb3da731,10.1101/2023.03.16.532981,10.1038/s41551-024-01242-2,6,44,50,2023/2024,"Contributions of network structure, chemoarchitecture and diagnostic categories to transitions betwe",neither
exact_title,1.0,work_c3acb4802f98e9c8,work_6bef1584a99628b5,10.1145/3018743.3018766,10.1145/2935764.2935825,23,0,23,2017/2016,A Multicore Path to Connectomics-on-Demand,both
exact_title,1.0,work_2d052f85fe177163,work_f92a699ce1155d96,10.1016/j.bbr.2025.115457,10.1007/s12311-026-02042-x,11,0,11,2025/2026,The Cerebellar Connectome,one
exact_title,1.0,work_be3128b2613d56fd,work_8db67c02cf0d8e44,10.1002/alz.089911,10.1002/alz.090237,0,0,0,2024/2024,Basic Science and Pathogenesis.,neither
exact_title,1.0,work_8c92549b4a8a7501,work_9f41c6c7e047b470,10.1002/mrm.27916,10.1002/mrm.27471,17,168,185,2019/2018,Mapping connectomes with diffusion MRI: deterministic or probabilistic tractography?,neither
near_duplicate,1.0,work_5ed6a0a810a92de0,work_9f6db33a12953586,10.1109/msp.2014.2354060,,24,0,24,2015/2015,( Registration of microscopic images and its uses in segmentation and annotation ) 3-D Registration ,neither
near_duplicate,0.938,work_a65a36089664d0da,work_7a9d2434beba48a5,10.1093/schbul/sby016.460,10.1177/0706743719890174,0,20,20,2018/2019,"Brain-Wide Functional Dysconnectivity in Schizophrenia: Parsing Diathesis, Resilience, and the Effec",neither
near_duplicate,0.938,work_7509c3b5876a233c,work_c5e4124eb792cffc,10.1073/pnas.2113641119,10.1002/alz.056134,62,3,65,2021/2021,Amyloid‐β and tau pathologies relate to distinctive brain dysconnectomics in autosomal‐dominant Alzh,neither
near_duplicate,0.909,work_1af871733acb131c,work_54277ff4a5492d4d,10.1002/hbm.25984,10.1136/jnnp-2022-bnpa.21,9,0,9,2022/2022,21 Abnormal white-matter rich-club organization in obsessive-compulsive disorder,neither
near_duplicate,0.9,work_c6fb52119d27ebd2,work_23619b861b430797,10.1016/j.ijchp.2025.100551,10.1093/ijnp/pyaf052.060,6,1,7,2025/2025,405. AN ELECTROENCEPHALOGRAPHY CONNECTOME PREDICTIVE MODEL OF CRAVING FOR METHAMPHETAMINE,neither
near_duplicate,0.895,work_1143d78caa30689f,work_8347b1b95882d657,10.7554/elife.71981.sa2,10.7554/elife.71981,0,29,29,2021/2021,Partial connectomes of labeled dopaminergic circuits reveal non-synaptic communication and axonal re,one
near_duplicate,0.889,work_d293a4127c914354,work_7532b67c878dd40c,,10.1109/globalsip.2013.6736878,1,55,56,2013/2013,MIGRAINE: MRI Graph Reliability Analysis and Inference for Connectomics,neither
near_duplicate,0.889,work_2e89582f1e165cd3,work_03af12da3a95c029,10.7554/elife.40247,10.7554/elife.40247.049,57,1,58,2018/2018,Author response: Convergence of monosynaptic and polysynaptic sensory paths onto common motor output,one
near_duplicate,0.882,work_90b88435719f3720,work_20710f84520e8e6f,10.7554/elife.59614.sa2,10.7554/elife.59614,1,26,27,2020/2020,Ubiquitin-dependent regulation of a conserved DMRT protein controls sexually dimorphic synaptic conn,one
near_duplicate,0.875,work_4a882767161927d6,work_784400c91f3cd26f,10.7554/elife.43194.024,10.7554/elife.43194,0,15,15,2019/2019,Accelerated redevelopment of vocal skills is preceded by lasting reorganization of the song motor ci,both
near_duplicate,0.875,work_342e4a8de557f976,work_e970ae065dc09da2,10.1093/braincomms/fcad055,10.1161/str.54.suppl_1.7,11,0,11,2023/2023,Abstract 7: Prediction Of Post-stroke Motor Recovery Benefits From Measures Of Sub-acute Widespread ,neither
near_duplicate,0.867,work_fb4d76e8870731a5,work_53cc2303c5e1753d,10.7554/elife.64694,10.7554/elife.64694.sa2,74,1,75,2021/2021,Author response: An expanding manifold in transmodal regions characterizes adolescent reconfiguratio,neither
near_duplicate,0.857,work_89a1c3d1c130ab2c,work_74fbfda1e48554b7,10.7554/elife.26349.042,10.7554/elife.26349,2,80,82,2017/2017,Synaptic and peptidergic connectome of a neurosecretory center in the annelid brain,neither
near_duplicate,0.846,work_668bc7521b208f67,work_a2ef05829542860a,10.1038/s41598-024-64845-4,10.1093/neuonc/noac209.1164,1,0,1,2024/2022,MODL-37. DISCERNIBLE INTERINDIVIDUAL PATTERNS OF GLOBAL EFFICIENCY DECLINE DURING THEORETICAL BRAIN ,neither
near_duplicate,0.833,work_a35b2a0f4328b341,work_26961d66f5e6753f,10.1038/lsa.2017.153,10.1038/s41377-018-0021-1,128,11,139,2017/2018,Erratum: Author Correction: Skull optical clearing window for in vivo imaging of the mouse cortex at,one
near_duplicate,0.833,work_d1744737290f5238,work_d4978a811ee67bb0,10.1038/s41467-019-12867-2,10.1038/s41467-017-01285-x,12,1267,1279,2019/2017,The challenge of mapping the human connectome based on diffusion tractography,neither
near_duplicate,0.818,work_2a0b22b03d050806,work_203770249483926c,10.1016/j.wneu.2021.03.045,10.1002/ca.23523,102,106,208,2021/2019,Anatomy and White Matter Connections of the Superior Frontal Gyrus,neither
near_duplicate,0.818,work_af61a56e13719e47,work_d558ef09c2a0a371,10.3389/fninf.2015.00020,,26,0,26,2014/2014,An Automated Images-to-Graphs Pipeline for High Resolution Connectomics,neither
near_duplicate,0.8,work_42f103b2bd408bf9,work_cf8597f57b9fa631,10.1016/j.neuroimage.2017.10.028,10.1016/j.neuroimage.2019.01.044,154,15,169,2017/2019,Reprint of: Mapping human brain lesions and their functional consequences,one
near_duplicate,0.8,work_189e64868871c682,work_27d1d9fcff673de6,,10.1016/j.neuroimage.2012.06.002,0,190,190,2011/2012,Human cortical connectome reconstruction from diffusion weighted MRI: The effect of tractography alg,neither
near_duplicate,0.789,work_d71db7b8e5b2b2cd,work_b3bb626c156d60fc,10.1016/j.margen.2020.100783,10.1007/s00338-021-02213-8,7,0,7,2020/2022,De novo assembly and functional annotation of the nervous system transcriptome in the Caribbean spin,neither
near_duplicate,0.778,work_317560e823eea036,work_e80c6bc77f7211bd,10.1109/msp.2010.936775,,28,17,45,2010/2010,"Human Brain Connectomics : Networks , Techniques , and Applications",neither
near_duplicate,0.75,work_8a9b4070c9c7d960,work_ba35af28814b98ba,10.7551/mitpress/9266.001.0001,10.1016/b978-0-12-374709-9.00014-6,143,176,319,2012/2009,The Human Connectome,one
near_duplicate,0.75,work_d98a322178dafa2e,work_eabf2ea20ba6564c,,10.1002/cne.11027,0,25,25,2003/2004,Synaptic connectivity of the diffuse bipolar cell type DB6 in the inner plexiform layer of primate r,one
near_duplicate,0.75,work_c700043aaf02b71f,work_e1729e254cf16f0b,10.1093/ons/opy266,10.1093/ons/opy264,20,49,69,2018/2018,A Connectomic Atlas of the Human Cerebrum-Chapter 10: Tractographic Description of the Superior Long,neither
near_duplicate,0.75,work_c700043aaf02b71f,work_ebb5cbb34f978077,10.1093/ons/opy266,10.1093/ons/opy265,20,43,63,2018/2018,A Connectomic Atlas of the Human Cerebrum-Chapter 11: Tractographic Description of the Inferior Long,neither
near_duplicate,0.75,work_e1729e254cf16f0b,work_ebb5cbb34f978077,10.1093/ons/opy264,10.1093/ons/opy265,49,43,92,2018/2018,A Connectomic Atlas of the Human Cerebrum-Chapter 11: Tractographic Description of the Inferior Long,neither
near_duplicate,0.75,work_ea7604fdccc831d7,work_ba35af28814b98ba,10.1167/11.15.8,10.1016/b978-0-12-374709-9.00014-6,147,176,323,2011/2009,The Human Connectome,neither
near_duplicate,0.75,work_7f1202eef0e8289e,work_165f100ce8761153,10.7554/elife.26414,,64,0,64,2017/2017,"SynEM , Automated synapse 1 detection for connectomics 2",one
near_duplicate,0.75,work_7f1202eef0e8289e,work_e47b5df65b344c69,10.7554/elife.26414,10.7554/elife.26414.042,64,1,65,2017/2017,"Author response: SynEM, automated synapse detection for connectomics",one
near_duplicate,0.733,work_318ed7e271ad3483,work_2556ee5a75a547e1,,10.1109/jstsp.2020.3003170,9,94,103,2019/2020,Dense Recurrent Neural Networks for Accelerated MRI: History-Cognizant Unrolling of Optimization Alg,neither
near_duplicate,0.727,work_234ae94a61034e49,work_5a86e1dddea15bae,10.1016/j.wneu.2020.12.136,10.1016/j.wneu.2020.08.058,42,142,184,2021/2020,Anatomy and White Matter Connections of the Inferior Temporal Gyrus.,neither
near_duplicate,0.727,work_187b248b70484337,work_234ae94a61034e49,10.1016/j.wneu.2021.04.050,10.1016/j.wneu.2020.12.136,196,42,238,2021/2021,Anatomy and White Matter Connections of the Parahippocampal Gyrus.,neither
near_duplicate,0.727,work_2a0b22b03d050806,work_234ae94a61034e49,10.1016/j.wneu.2021.03.045,10.1016/j.wneu.2020.12.136,102,42,144,2021/2021,Anatomy and White Matter Connections of the Parahippocampal Gyrus.,neither
near_duplicate,0.727,work_234ae94a61034e49,work_203770249483926c,10.1016/j.wneu.2020.12.136,10.1002/ca.23523,42,106,148,2021/2019,Anatomy and White Matter Connections of the Superior Frontal Gyrus,neither
near_duplicate,0.727,work_e2de51ca63225afd,work_203770249483926c,10.3171/2017.3.jns162070,10.1002/ca.23523,67,106,173,2017/2019,Anatomy and White Matter Connections of the Superior Frontal Gyrus,neither
near_duplicate,0.727,work_e2de51ca63225afd,work_5a86e1dddea15bae,10.3171/2017.3.jns162070,10.1016/j.wneu.2020.08.058,67,142,209,2017/2020,Anatomy and White Matter Connections of the Inferior Temporal Gyrus.,neither
near_duplicate,0.727,work_295b058918128b54,work_f5fd3ba3b38fed1d,,10.1038/s41586-025-08660-5,5,12,17,2023/2025,NEURD offers automated proofreading and feature extraction for connectomics,one
near_duplicate,0.722,work_4de7e73fbde8f291,work_9f12b798032ecf3b,10.1117/1.jmi.11.1.014005,,8,2,10,2024/2023,Robust Fiber Orientation Distribution Function Estimation Using Deep Constrained Spherical Deconvolu,neither
near_duplicate,0.706,work_d2cf5ae3fcec1d76,work_1b41887b5b849c90,10.1093/ons/opy267,10.1093/ons/opy270,108,23,131,2018/2018,A Connectomic Atlas of the Human Cerebrum-Chapter 16: Tractographic Description of the Vertical Occi,neither
near_duplicate,0.706,work_d2cf5ae3fcec1d76,work_ebb5cbb34f978077,10.1093/ons/opy267,10.1093/ons/opy265,108,43,151,2018/2018,A Connectomic Atlas of the Human Cerebrum-Chapter 11: Tractographic Description of the Inferior Long,neither
near_duplicate,0.688,work_1b41887b5b849c90,work_b4034d2b55e4699b,10.1093/ons/opy270,10.1093/ons/opy269,23,20,43,2018/2018,A Connectomic Atlas of the Human Cerebrum-Chapter 15: Tractographic Description of the Uncinate Fasc,neither
near_duplicate,0.688,work_c700043aaf02b71f,work_b4034d2b55e4699b,10.1093/ons/opy266,10.1093/ons/opy269,20,20,40,2018/2018,A Connectomic Atlas of the Human Cerebrum-Chapter 15: Tractographic Description of the Uncinate Fasc,neither
near_duplicate,0.688,work_e1729e254cf16f0b,work_b4034d2b55e4699b,10.1093/ons/opy264,10.1093/ons/opy269,49,20,69,2018/2018,A Connectomic Atlas of the Human Cerebrum-Chapter 15: Tractographic Description of the Uncinate Fasc,neither
near_duplicate,0.688,work_ebb5cbb34f978077,work_b4034d2b55e4699b,10.1093/ons/opy265,10.1093/ons/opy269,43,20,63,2018/2018,A Connectomic Atlas of the Human Cerebrum-Chapter 15: Tractographic Description of the Uncinate Fasc,neither
near_duplicate,0.667,work_21ca1a6a685fb238,work_b4034d2b55e4699b,10.1093/ons/opy271,10.1093/ons/opy269,9,20,29,2018/2018,A Connectomic Atlas of the Human Cerebrum-Chapter 15: Tractographic Description of the Uncinate Fasc,neither
near_duplicate,0.667,work_476ec1d0fd67465f,work_0325f64317b83966,10.2139/ssrn.3813183,10.1016/j.jpsychires.2022.03.041,0,8,8,2021/2022,Application of graph theory across multiple frequency bands in drug-naïve obsessive-compulsive disor,neither
near_duplicate,0.667,work_951fb77dafd531c1,work_bd07f974efc37587,10.1007/s13295-016-0029-z,10.1515/s13295-016-0029-z,1,0,1,2016/2016,Editorial. Computational connectomics,neither
near_duplicate,0.667,work_187b248b70484337,work_2a0b22b03d050806,10.1016/j.wneu.2021.04.050,10.1016/j.wneu.2021.03.045,196,102,298,2021/2021,Anatomy and White Matter Connections of the Middle Frontal Gyrus.,neither
near_duplicate,0.667,work_187b248b70484337,work_203770249483926c,10.1016/j.wneu.2021.04.050,10.1002/ca.23523,196,106,302,2021/2019,Anatomy and White Matter Connections of the Superior Frontal Gyrus,neither
near_duplicate,0.667,work_187b248b70484337,work_5a86e1dddea15bae,10.1016/j.wneu.2021.04.050,10.1016/j.wneu.2020.08.058,196,142,338,2021/2020,Anatomy and White Matter Connections of the Inferior Temporal Gyrus.,neither
near_duplicate,0.667,work_2a0b22b03d050806,work_5a86e1dddea15bae,10.1016/j.wneu.2021.03.045,10.1016/j.wneu.2020.08.058,102,142,244,2021/2020,Anatomy and White Matter Connections of the Inferior Temporal Gyrus.,neither
near_duplicate,0.667,work_203770249483926c,work_5a86e1dddea15bae,10.1002/ca.23523,10.1016/j.wneu.2020.08.058,106,142,248,2019/2020,Anatomy and White Matter Connections of the Inferior Temporal Gyrus.,neither
near_duplicate,0.667,work_203770249483926c,work_4c75d4e8c3a1aeae,10.1002/ca.23523,10.1093/ons/opab174,106,30,136,2019/2021,Anatomy and White Matter Connections of the Superior Parietal Lobule,neither
near_duplicate,0.647,work_d2cf5ae3fcec1d76,work_b4034d2b55e4699b,10.1093/ons/opy267,10.1093/ons/opy269,108,20,128,2018/2018,A Connectomic Atlas of the Human Cerebrum-Chapter 15: Tractographic Description of the Uncinate Fasc,neither
near_duplicate,0.647,work_c700043aaf02b71f,work_1b41887b5b849c90,10.1093/ons/opy266,10.1093/ons/opy270,20,23,43,2018/2018,A Connectomic Atlas of the Human Cerebrum-Chapter 16: Tractographic Description of the Vertical Occi,neither
near_duplicate,0.647,work_1b41887b5b849c90,work_e1729e254cf16f0b,10.1093/ons/opy270,10.1093/ons/opy264,23,49,72,2018/2018,A Connectomic Atlas of the Human Cerebrum-Chapter 10: Tractographic Description of the Superior Long,neither
near_duplicate,0.647,work_1b41887b5b849c90,work_ebb5cbb34f978077,10.1093/ons/opy270,10.1093/ons/opy265,23,43,66,2018/2018,A Connectomic Atlas of the Human Cerebrum-Chapter 11: Tractographic Description of the Inferior Long,neither
near_duplicate,0.643,work_21172651321be0c9,work_324fa11700fbfc52,10.1007/978-1-0716-0691-9_12,10.1017/s1431927618006621,24,1,25,2020/2018,Breaking Barriers of FIB-SEM for Large Volume Connectomics and Cell Biology,one
near_duplicate,0.643,work_d8dd48a5b851016b,work_18264164a76d2465,10.1016/j.brs.2023.01.443,10.1038/s42003-023-04787-1,0,5,5,2023/2022,A framework for focal and connectomic mapping of transiently disrupted brain function,neither
near_duplicate,0.625,work_21ca1a6a685fb238,work_1b41887b5b849c90,10.1093/ons/opy271,10.1093/ons/opy270,9,23,32,2018/2018,A Connectomic Atlas of the Human Cerebrum-Chapter 16: Tractographic Description of the Vertical Occi,neither
near_duplicate,0.625,work_21ca1a6a685fb238,work_93440c8f56e857c5,10.1093/ons/opy271,10.1093/ons/opy268,9,31,40,2018/2018,A Connectomic Atlas of the Human Cerebrum-Chapter 14: Tractographic Description of the Frontal Aslan,neither
near_duplicate,0.625,work_728c41c779e0c4ad,work_91a7d484b5f7fde6,10.1212/wnl.80.7_supplement.pd6.009,10.1212/wnl.82.10_supplement.p3.336,1,2,3,2013/2014,Abnormalities of the Brain Functional Connectome in Pediatric Patients with Multiple Sclerosis (P3.3,neither
near_duplicate,0.625,work_c700043aaf02b71f,work_21ca1a6a685fb238,10.1093/ons/opy266,10.1093/ons/opy271,20,9,29,2018/2018,A Connectomic Atlas of the Human Cerebrum-Chapter 17: Tractographic Description of the Cingulum.,neither
near_duplicate,0.625,work_21ca1a6a685fb238,work_e1729e254cf16f0b,10.1093/ons/opy271,10.1093/ons/opy264,9,49,58,2018/2018,A Connectomic Atlas of the Human Cerebrum-Chapter 10: Tractographic Description of the Superior Long,neither
near_duplicate,0.625,work_21ca1a6a685fb238,work_ebb5cbb34f978077,10.1093/ons/opy271,10.1093/ons/opy265,9,43,52,2018/2018,A Connectomic Atlas of the Human Cerebrum-Chapter 11: Tractographic Description of the Inferior Long,neither
near_duplicate,0.611,work_d2cf5ae3fcec1d76,work_c700043aaf02b71f,10.1093/ons/opy267,10.1093/ons/opy266,108,20,128,2018/2018,A Connectomic Atlas of the Human Cerebrum-Chapter 12: Tractographic Description of the Middle Longit,neither
near_duplicate,0.611,work_d2cf5ae3fcec1d76,work_e1729e254cf16f0b,10.1093/ons/opy267,10.1093/ons/opy264,108,49,157,2018/2018,A Connectomic Atlas of the Human Cerebrum-Chapter 10: Tractographic Description of the Superior Long,neither
near_duplicate,0.6,work_ca363b7087c45440,work_b02a08a25205f85d,,,3,6,9,2021/2021,RLCorrector: Reinforced Proofreading for Cell-level Microscopy Image Segmentation,one
near_duplicate,0.6,work_e9f557c65b23f07d,work_3737b4da7f4cfb1c,10.1089/brain.2013.0175,10.1016/j.neuroimage.2012.12.031,58,80,138,2013/2012,The Structural Connectome of the Human Brain in Agenesis of the Corpus Callosum,neither
near_duplicate,0.6,work_165f100ce8761153,work_e47b5df65b344c69,,10.7554/elife.26414.042,0,1,1,2017/2017,"Author response: SynEM, automated synapse detection for connectomics",neither
near_duplicate,0.6,work_5ed8dc6839b450eb,work_e4d691c8103623dc,10.1109/embc.2015.7320165,10.1109/bhi.2014.6864439,0,1,1,2015/2014,Extension to Distributed Annotation System: Summary command,neither
near_duplicate,0.6,work_5fb95c6304c0c71b,work_a88582836a872e1e,10.1016/j.jns.2020.116907,10.1016/j.jns.2021.117322,14,18,32,2020/2021,Parcellation-based modeling of the supplementary motor area.,neither
near_duplicate,0.6,work_0537e888fd7c3be9,work_b2b287b17fb9a689,10.1016/j.bandl.2017.08.006,10.1016/b978-0-12-804076-8.00016-5,20,0,20,2019/2016,Neuronal network architecture and temporal lobe epilepsy: A connectome-based and machine learning st,neither
