topic_kind,topic,time_bin,time_role,n_catalog,n_on_topic,n_year_cites_pct_ge50,n_kcore_ge3,n_in_ge5,n_cites_ge50,n_tpr_pct_ge50,n_history_milestone,n_contemporary,n_sota_proving,n_sota_plus_history,example_history_year,example_history_title,example_history_doi,example_sota_year,example_sota_title,example_sota_doi,fill_status,notes
pipeline_stage,preparation,pre-2005,history,1,1,1,1,1,1,1,1,0,0,1,2004,Serial Block-Face Scanning Electron Microscopy to Reconstruct Three-Dimensional Tissue Nanostru…,10.1371/journal.pbio.0020329,,,,keyword_draft,Keyword-draft tags; human charting still required.
pipeline_stage,preparation,2005–2009,history,2,2,1,1,1,1,1,1,0,0,1,2009,A Computational Framework for Ultrastructural Mapping of Neural Circuitry,10.1371/journal.pbio.1000074,,,,keyword_draft,Keyword-draft tags; human charting still required.
pipeline_stage,preparation,2010–2015,history,19,19,13,13,12,13,13,16,0,0,16,2011,High-accuracy neurite reconstruction for high-throughput neuroanatomy,10.1038/nn.2868,,,,keyword_draft,Keyword-draft tags; human charting still required.
pipeline_stage,preparation,2016–2018,history,15,15,8,10,5,5,6,11,0,0,11,2018,Multi-Beam Scanning Electron Microscopy for High-Throughput Imaging in Connectomics Research,10.3389/fnana.2018.00112,,,,keyword_draft,Keyword-draft tags; human charting still required.
pipeline_stage,preparation,2019,contemporary,12,12,4,6,1,2,2,0,7,0,7,,,,2019,En bloc preparation of Drosophila brains enables high-throughput FIB-SEM connectomics,10.1101/855130,keyword_draft,Keyword-draft tags; human charting still required.
pipeline_stage,preparation,2020,contemporary,10,10,3,7,3,1,4,0,7,0,7,,,,2020,Structured sampling of olfactory input by the fly mushroom body,10.1101/2020.04.17.047167,keyword_draft,Keyword-draft tags; human charting still required.
pipeline_stage,preparation,2021,contemporary,11,11,7,5,2,5,3,0,8,0,8,,,,2021,A connectomic study of a petascale fragment of human cerebral cortex,10.1101/2021.05.29.446289,keyword_draft,Keyword-draft tags; human charting still required.
pipeline_stage,preparation,2022,contemporary,8,8,3,5,1,0,2,0,5,0,5,,,,2022,All-optical visualization of specific molecules in the ultrastructural context of brain tissue,10.1038/s41587-025-02905-4,keyword_draft,Keyword-draft tags; human charting still required.
pipeline_stage,preparation,2023,contemporary,6,6,5,5,2,0,5,0,6,0,6,,,,2023,Immersion fixation and staining of multi-cubic millimeter volumes for electron microscopy-based…,10.1016/j.biopsych.2023.01.025,keyword_draft,Keyword-draft tags; human charting still required.
pipeline_stage,preparation,2024,contemporary,12,12,4,7,1,0,5,0,10,0,10,,,,2024,Global Neuron Shape Reasoning with Point Affinity Transformers,10.1101/2024.11.24.625067,keyword_draft,Keyword-draft tags; human charting still required.
pipeline_stage,preparation,2025,sota,11,11,7,7,1,1,11,0,0,3,3,,,,2025,Light-microscopy-based connectomic reconstruction of mammalian brain tissue,10.1038/s41586-025-08985-1,keyword_draft,Keyword-draft tags; human charting still required.
pipeline_stage,preparation,2026,sota,20,20,5,13,0,0,20,0,0,13,13,,,,2026,Learning the wiring rules of a mammalian cortical column,10.64898/2026.07.09.737432,keyword_draft,Keyword-draft tags; human charting still required.
pipeline_stage,sectioning,pre-2005,history,2,2,2,2,2,2,2,2,0,0,2,1986,The structure of the nervous system of the nematode Caenorhabditis elegans,10.1098/rstb.1986.0056,,,,keyword_draft,Keyword-draft tags; human charting still required.
pipeline_stage,sectioning,2005–2009,history,1,1,1,1,1,1,1,1,0,0,1,2009,A Computational Framework for Ultrastructural Mapping of Neural Circuitry,10.1371/journal.pbio.1000074,,,,keyword_draft,Keyword-draft tags; human charting still required.
pipeline_stage,sectioning,2010–2015,history,31,31,15,26,18,16,21,27,0,0,27,2013,Connectomic reconstruction of the inner plexiform layer in the mouse retina,10.1038/nature12346,,,,keyword_draft,Keyword-draft tags; human charting still required.
pipeline_stage,sectioning,2016–2018,history,30,30,21,26,17,12,19,28,0,0,28,2017,High-precision automated reconstruction of neurons with flood-filling networks,10.1038/s41592-018-0049-4,,,,keyword_draft,Keyword-draft tags; human charting still required.
pipeline_stage,sectioning,2019,contemporary,13,13,7,10,6,5,9,0,10,0,10,,,,2019,Large Scale Image Segmentation with Structured Loss Based Deep Learning for Connectome Reconstr…,10.1109/tpami.2018.2835450,keyword_draft,Keyword-draft tags; human charting still required.
pipeline_stage,sectioning,2020,contemporary,10,10,4,5,1,2,1,0,7,0,7,,,,2020,Reconstruction of motor control circuits in adult Drosophila using automated transmission elect…,10.1101/2020.01.10.902478,keyword_draft,Keyword-draft tags; human charting still required.
pipeline_stage,sectioning,2021,contemporary,15,15,6,11,3,2,8,0,13,0,13,,,,2021,Connectomes across development reveal principles of brain maturation,10.1038/s41586-021-03778-8,keyword_draft,Keyword-draft tags; human charting still required.
pipeline_stage,sectioning,2022,contemporary,10,10,5,6,3,1,4,0,6,0,6,,,,2022,Automated synapse-level reconstruction of neural circuits in the larval zebrafish brain,10.1038/s41592-022-01621-0,keyword_draft,Keyword-draft tags; human charting still required.
pipeline_stage,sectioning,2023,contemporary,10,10,3,7,0,1,5,0,8,0,8,,,,2023,A Scalable Staining Strategy for Whole-Brain Connectomics,10.1101/2023.09.26.558265,keyword_draft,Keyword-draft tags; human charting still required.
pipeline_stage,sectioning,2024,contemporary,5,5,2,3,1,1,2,0,3,0,3,,,,2024,A petavoxel fragment of human cerebral cortex reconstructed at nanoscale resolution,10.1126/science.adk4858,keyword_draft,Keyword-draft tags; human charting still required.
pipeline_stage,sectioning,2025,sota,11,11,8,9,2,0,11,0,0,3,3,,,,2025,Connectome-driven neural inventory of a complete visual system,10.1038/s41586-025-08746-0,keyword_draft,Keyword-draft tags; human charting still required.
pipeline_stage,sectioning,2026,sota,7,7,0,5,0,0,7,0,0,5,5,,,,2026,DRIFT-EM enables direct wafer retrieval of ultrathin serial sections for large-volume electron …,10.1016/j.crmeth.2026.101429,keyword_draft,Keyword-draft tags; human charting still required.
pipeline_stage,acquisition,pre-2005,history,1,1,1,1,1,1,1,1,0,0,1,2004,Serial Block-Face Scanning Electron Microscopy to Reconstruct Three-Dimensional Tissue Nanostru…,10.1371/journal.pbio.0020329,,,,keyword_draft,Keyword-draft tags; human charting still required.
pipeline_stage,acquisition,2005–2009,history,3,3,3,3,3,3,3,3,0,0,3,2008,Ome sweet ome: what can the genome tell us about the connectome?,10.1016/j.conb.2008.08.010,,,,keyword_draft,Keyword-draft tags; human charting still required.
pipeline_stage,acquisition,2010–2015,history,36,36,22,28,21,24,28,31,0,0,31,2012,TrakEM2 Software for Neural Circuit Reconstruction,10.1371/journal.pone.0038011,,,,keyword_draft,Keyword-draft tags; human charting still required.
pipeline_stage,acquisition,2016–2018,history,31,31,19,25,15,10,17,27,0,0,27,2018,Dense connectomic reconstruction in layer 4 of the somatosensory cortex,10.1126/science.aay3134,,,,keyword_draft,Keyword-draft tags; human charting still required.
pipeline_stage,acquisition,2019,contemporary,16,16,8,12,7,4,10,0,12,0,12,,,,2019,Synaptic Partner Assignment Using Attentional Voxel Association Networks,10.1109/isbi45749.2020.9098489,keyword_draft,Keyword-draft tags; human charting still required.
pipeline_stage,acquisition,2020,contemporary,14,14,7,8,4,3,6,0,11,0,11,,,,2020,FlyWire: Online community for whole-brain connectomics,10.1038/s41592-021-01330-0,keyword_draft,Keyword-draft tags; human charting still required.
pipeline_stage,acquisition,2021,contemporary,16,16,7,12,2,2,8,0,14,0,14,,,,2021,A connectomic study of a petascale fragment of human cerebral cortex,10.1101/2021.05.29.446289,keyword_draft,Keyword-draft tags; human charting still required.
pipeline_stage,acquisition,2022,contemporary,13,13,8,10,5,2,6,0,11,0,11,,,,2022,Automated synapse-level reconstruction of neural circuits in the larval zebrafish brain,10.1038/s41592-022-01621-0,keyword_draft,Keyword-draft tags; human charting still required.
pipeline_stage,acquisition,2023,contemporary,17,17,8,12,2,1,10,0,14,0,14,,,,2023,A Connectome of the Male Drosophila Ventral Nerve Cord,10.1101/2023.06.05.543757,keyword_draft,Keyword-draft tags; human charting still required.
pipeline_stage,acquisition,2024,contemporary,16,16,8,12,1,1,5,0,13,0,13,,,,2024,Systematic annotation of a complete adult male Drosophila nerve cord connectome reveals princip…,10.1101/2023.06.05.543407,keyword_draft,Keyword-draft tags; human charting still required.
pipeline_stage,acquisition,2025,sota,21,21,15,17,1,0,21,0,0,4,4,,,,2025,Connectome-driven neural inventory of a complete visual system,10.1038/s41586-025-08746-0,keyword_draft,Keyword-draft tags; human charting still required.
pipeline_stage,acquisition,2026,sota,13,13,3,8,0,0,13,0,0,9,9,,,,2026,ConnectoFM: A Foundation Model for Learning the Language of the Connectome,10.64898/2026.06.06.730367,keyword_draft,Keyword-draft tags; human charting still required.
pipeline_stage,alignment,pre-2005,history,0,0,0,0,0,0,0,0,0,0,0,,,,,,,keyword_draft,Keyword-draft tags; human charting still required.
pipeline_stage,alignment,2005–2009,history,1,1,1,1,1,1,1,1,0,0,1,2009,A Computational Framework for Ultrastructural Mapping of Neural Circuitry,10.1371/journal.pbio.1000074,,,,keyword_draft,Keyword-draft tags; human charting still required.
pipeline_stage,alignment,2010–2015,history,10,10,5,7,4,5,6,7,0,0,7,2014,A mesoscale connectome of the mouse brain,10.1038/nature13186,,,,keyword_draft,Keyword-draft tags; human charting still required.
pipeline_stage,alignment,2016–2018,history,12,12,7,8,5,4,5,10,0,0,10,2017,Enhanced FIB-SEM systems for large-volume 3D imaging,10.7554/elife.25916,,,,keyword_draft,Keyword-draft tags; human charting still required.
pipeline_stage,alignment,2019,contemporary,5,5,3,2,1,1,3,0,3,0,3,,,,2019,Enabling FIB-SEM Systems for Large Volume Connectomics and Cell Biology,10.1101/852863,keyword_draft,Keyword-draft tags; human charting still required.
pipeline_stage,alignment,2020,contemporary,3,3,1,1,1,1,1,0,1,0,1,,,,2020,"The natverse, a versatile toolbox for combining and analysing neuroanatomical data",10.7554/elife.53350,keyword_draft,Keyword-draft tags; human charting still required.
pipeline_stage,alignment,2021,contemporary,6,6,3,4,2,1,3,0,6,0,6,,,,2021,A scalable and modular automated pipeline for stitching of large electron microscopy datasets,10.1101/2021.11.24.469932,keyword_draft,Keyword-draft tags; human charting still required.
pipeline_stage,alignment,2022,contemporary,4,4,2,1,1,0,1,0,2,0,2,,,,2022,Petascale pipeline for precise alignment of images from serial section electron microscopy,10.1038/s41467-023-44354-0,keyword_draft,Keyword-draft tags; human charting still required.
pipeline_stage,alignment,2023,contemporary,6,6,2,3,0,0,2,0,4,0,4,,,,2023,X-Ray2EM: Uncertainty-Aware Cross-Modality Image Reconstruction from X-Ray to Electron Microsco…,10.1109/isbi53787.2023.10230759,keyword_draft,Keyword-draft tags; human charting still required.
pipeline_stage,alignment,2024,contemporary,2,2,1,2,0,0,1,0,2,0,2,,,,2024,A scalable and modular computational pipeline for axonal connectomics: automated tracing and as…,10.1101/2024.06.11.598365,keyword_draft,Keyword-draft tags; human charting still required.
pipeline_stage,alignment,2025,sota,5,5,3,3,0,0,5,0,0,0,0,,,,,,,keyword_draft,Keyword-draft tags; human charting still required.
pipeline_stage,alignment,2026,sota,12,12,3,9,0,0,12,0,0,9,9,,,,2026,ConnectoFM: A Foundation Model for Learning the Language of the Connectome,10.64898/2026.06.06.730367,keyword_draft,Keyword-draft tags; human charting still required.
pipeline_stage,segmentation,pre-2005,history,1,1,1,1,0,1,1,1,0,0,1,1998,Three-Dimensional Structure and Composition of CA3→CA1 Axons in Rat Hippocampal Slices: Implica…,10.1523/jneurosci.18-20-08300.1998,,,,keyword_draft,Keyword-draft tags; human charting still required.
pipeline_stage,segmentation,2005–2009,history,2,2,2,1,0,2,1,2,0,0,2,2009,Scalable and Interactive Segmentation and Visualization of Neural Processes in EM Datasets,10.1109/tvcg.2009.178,,,,keyword_draft,Keyword-draft tags; human charting still required.
pipeline_stage,segmentation,2010–2015,history,37,37,15,30,21,17,27,32,0,0,32,2013,Connectomic reconstruction of the inner plexiform layer in the mouse retina,10.1038/nature12346,,,,keyword_draft,Keyword-draft tags; human charting still required.
pipeline_stage,segmentation,2016–2018,history,48,48,28,44,27,18,31,47,0,0,47,2018,Dense connectomic reconstruction in layer 4 of the somatosensory cortex,10.1126/science.aay3134,,,,keyword_draft,Keyword-draft tags; human charting still required.
pipeline_stage,segmentation,2019,contemporary,18,18,10,13,7,3,10,0,15,0,15,,,,2019,Large Scale Image Segmentation with Structured Loss Based Deep Learning for Connectome Reconstr…,10.1109/tpami.2018.2835450,keyword_draft,Keyword-draft tags; human charting still required.
pipeline_stage,segmentation,2020,contemporary,24,24,11,15,6,4,10,0,18,0,18,,,,2020,FlyWire: Online community for whole-brain connectomics,10.1038/s41592-021-01330-0,keyword_draft,Keyword-draft tags; human charting still required.
pipeline_stage,segmentation,2021,contemporary,23,23,10,19,9,3,13,0,20,0,20,,,,2021,A connectomic study of a petascale fragment of human cerebral cortex,10.1101/2021.05.29.446289,keyword_draft,Keyword-draft tags; human charting still required.
pipeline_stage,segmentation,2022,contemporary,24,24,13,17,8,3,10,0,20,0,20,,,,2022,Automated synapse-level reconstruction of neural circuits in the larval zebrafish brain,10.1038/s41592-022-01621-0,keyword_draft,Keyword-draft tags; human charting still required.
pipeline_stage,segmentation,2023,contemporary,25,25,12,16,3,1,7,0,20,0,20,,,,2023,Cell-type-specific inhibitory circuitry from a connectomic census of mouse visual cortex,10.1101/2023.01.23.525290,keyword_draft,Keyword-draft tags; human charting still required.
pipeline_stage,segmentation,2024,contemporary,23,23,10,16,4,3,11,0,20,0,20,,,,2024,A petavoxel fragment of human cerebral cortex reconstructed at nanoscale resolution,10.1126/science.adk4858,keyword_draft,Keyword-draft tags; human charting still required.
pipeline_stage,segmentation,2025,sota,37,37,20,29,5,3,37,0,0,6,6,,,,2025,Light-microscopy-based connectomic reconstruction of mammalian brain tissue,10.1038/s41586-025-08985-1,keyword_draft,Keyword-draft tags; human charting still required.
pipeline_stage,segmentation,2026,sota,19,19,7,16,0,0,19,0,0,16,16,,,,2026,ConnectoFM: A Foundation Model for Learning the Language of the Connectome,10.64898/2026.06.06.730367,keyword_draft,Keyword-draft tags; human charting still required.
pipeline_stage,proofreading,pre-2005,history,0,0,0,0,0,0,0,0,0,0,0,,,,,,,keyword_draft,Keyword-draft tags; human charting still required.
pipeline_stage,proofreading,2005–2009,history,2,2,2,2,2,2,2,2,0,0,2,2005,Highly Nonrandom Features of Synaptic Connectivity in Local Cortical Circuits,10.1371/journal.pbio.0030068,,,,keyword_draft,Keyword-draft tags; human charting still required.
pipeline_stage,proofreading,2010–2015,history,52,52,25,36,24,28,33,42,0,0,42,2012,TrakEM2 Software for Neural Circuit Reconstruction,10.1371/journal.pone.0038011,,,,keyword_draft,Keyword-draft tags; human charting still required.
pipeline_stage,proofreading,2016–2018,history,42,42,26,29,18,18,20,37,0,0,37,2017,A Complete Electron Microscopy Volume of the Brain of Adult Drosophila melanogaster,10.1016/j.cell.2018.06.019,,,,keyword_draft,Keyword-draft tags; human charting still required.
pipeline_stage,proofreading,2019,contemporary,20,20,10,14,6,5,10,0,15,0,15,,,,2019,DVID: Distributed Versioned Image-Oriented Dataservice,10.3389/fncir.2019.00005,keyword_draft,Keyword-draft tags; human charting still required.
pipeline_stage,proofreading,2020,contemporary,18,18,10,10,5,3,8,0,12,0,12,,,,2020,FlyWire: Online community for whole-brain connectomics,10.1038/s41592-021-01330-0,keyword_draft,Keyword-draft tags; human charting still required.
pipeline_stage,proofreading,2021,contemporary,24,24,12,16,7,7,10,0,19,0,19,,,,2021,Functional connectomics spanning multiple areas of mouse visual cortex,10.1038/s41586-025-08790-w,keyword_draft,Keyword-draft tags; human charting still required.
pipeline_stage,proofreading,2022,contemporary,23,23,12,16,5,2,9,0,19,0,19,,,,2022,RoboEM: automated 3D flight tracing for synaptic-resolution connectomics,10.1038/s41592-024-02226-5,keyword_draft,Keyword-draft tags; human charting still required.
pipeline_stage,proofreading,2023,contemporary,24,24,12,15,3,1,6,0,19,0,19,,,,2023,A consensus cell type atlas from multiple connectomes reveals principles of circuit stereotypy …,10.1101/2023.06.27.546055,keyword_draft,Keyword-draft tags; human charting still required.
pipeline_stage,proofreading,2024,contemporary,30,30,16,24,7,4,18,0,29,0,29,,,,2024,A petavoxel fragment of human cerebral cortex reconstructed at nanoscale resolution,10.1126/science.adk4858,keyword_draft,Keyword-draft tags; human charting still required.
pipeline_stage,proofreading,2025,sota,47,47,28,34,5,2,47,0,0,5,5,,,,2025,Comparative connectomics of Drosophila descending and ascending neurons,10.1038/s41586-025-08925-z,keyword_draft,Keyword-draft tags; human charting still required.
pipeline_stage,proofreading,2026,sota,27,27,7,19,0,0,27,0,0,19,19,,,,2026,ConnectoFM: A Foundation Model for Learning the Language of the Connectome,10.64898/2026.06.06.730367,keyword_draft,Keyword-draft tags; human charting still required.
pipeline_stage,synapses,pre-2005,history,0,0,0,0,0,0,0,0,0,0,0,,,,,,,keyword_draft,Keyword-draft tags; human charting still required.
pipeline_stage,synapses,2005–2009,history,1,1,0,0,0,0,0,0,0,0,0,,,,,,,keyword_draft,Keyword-draft tags; human charting still required.
pipeline_stage,synapses,2010–2015,history,6,6,1,4,1,1,1,4,0,0,4,2015,Large-scale EM Analysis of the Drosophila Antennal Lobe with Automatically Computed Synapse Poi…,,,,,keyword_draft,Keyword-draft tags; human charting still required.
pipeline_stage,synapses,2016–2018,history,15,15,5,12,6,4,8,13,0,0,13,2018,Synaptic Cleft Segmentation in Non-Isotropic Volume Electron Microscopy of the Complete Drosoph…,10.1007/978-3-030-00934-2_36,,,,keyword_draft,Keyword-draft tags; human charting still required.
pipeline_stage,synapses,2019,contemporary,7,7,4,4,4,3,4,0,5,0,5,,,,2019,Synaptic Partner Assignment Using Attentional Voxel Association Networks,10.1109/isbi45749.2020.9098489,keyword_draft,Keyword-draft tags; human charting still required.
pipeline_stage,synapses,2020,contemporary,6,6,4,6,3,1,5,0,6,0,6,,,,2020,Recurrent architecture for adaptive regulation of learning in the insect brain,10.1038/s41593-020-0607-9,keyword_draft,Keyword-draft tags; human charting still required.
pipeline_stage,synapses,2021,contemporary,6,6,4,4,4,2,4,0,5,0,5,,,,2021,A connectomic study of a petascale fragment of human cerebral cortex,10.1101/2021.05.29.446289,keyword_draft,Keyword-draft tags; human charting still required.
pipeline_stage,synapses,2022,contemporary,8,8,3,7,4,1,5,0,7,0,7,,,,2022,Automated synapse-level reconstruction of neural circuits in the larval zebrafish brain,10.1038/s41592-022-01621-0,keyword_draft,Keyword-draft tags; human charting still required.
pipeline_stage,synapses,2023,contemporary,6,6,2,5,1,0,2,0,5,0,5,,,,2023,Imaging brain tissue architecture across millimeter to nanometer scales,10.1038/s41587-023-01911-8,keyword_draft,Keyword-draft tags; human charting still required.
pipeline_stage,synapses,2024,contemporary,7,7,4,4,0,0,4,0,6,0,6,,,,2024,WASPSYN: A Challenge for Domain Adaptive Synapse Detection in Microwasp Brain Connectomes,10.1109/tmi.2024.3400276,keyword_draft,Keyword-draft tags; human charting still required.
pipeline_stage,synapses,2025,sota,9,9,5,5,1,0,9,0,0,2,2,,,,2025,Synaptic architecture of a memory engram in the mouse hippocampus,10.1126/science.ado8316,keyword_draft,Keyword-draft tags; human charting still required.
pipeline_stage,synapses,2026,sota,9,9,2,6,0,0,9,0,0,6,6,,,,2026,A multi-resolution imaging and analysis pipeline for comparative circuit reconstruction in inse…,10.64898/2026.02.25.708065,keyword_draft,Keyword-draft tags; human charting still required.
pipeline_stage,infrastructure,pre-2005,history,0,0,0,0,0,0,0,0,0,0,0,,,,,,,keyword_draft,Keyword-draft tags; human charting still required.
pipeline_stage,infrastructure,2005–2009,history,4,4,4,4,3,4,4,4,0,0,4,2005,The Human Connectome: A Structural Description of the Human Brain,10.1371/journal.pcbi.0010042,,,,keyword_draft,Keyword-draft tags; human charting still required.
pipeline_stage,infrastructure,2010–2015,history,51,51,22,30,18,25,24,39,0,0,39,2015,Saturated Reconstruction of a Volume of Neocortex,10.1016/j.cell.2015.06.054,,,,keyword_draft,Keyword-draft tags; human charting still required.
pipeline_stage,infrastructure,2016–2018,history,52,52,24,29,17,17,20,37,0,0,37,2017,A Complete Electron Microscopy Volume of the Brain of Adult Drosophila melanogaster,10.1016/j.cell.2018.06.019,,,,keyword_draft,Keyword-draft tags; human charting still required.
pipeline_stage,infrastructure,2019,contemporary,23,23,11,16,5,7,11,0,18,0,18,,,,2019,DVID: Distributed Versioned Image-Oriented Dataservice,10.3389/fncir.2019.00005,keyword_draft,Keyword-draft tags; human charting still required.
pipeline_stage,infrastructure,2020,contemporary,25,25,12,21,6,4,13,0,24,0,24,,,,2020,FlyWire: Online community for whole-brain connectomics,10.1038/s41592-021-01330-0,keyword_draft,Keyword-draft tags; human charting still required.
pipeline_stage,infrastructure,2021,contemporary,29,29,15,21,7,7,13,0,27,0,27,,,,2021,A multiscale brain map derived from whole-brain volumetric reconstructions,10.1038/s41586-021-03284-x,keyword_draft,Keyword-draft tags; human charting still required.
pipeline_stage,infrastructure,2022,contemporary,21,21,8,15,4,1,6,0,17,0,17,,,,2022,neuPrint: An open access tool for EM connectomics,10.3389/fninf.2022.896292,keyword_draft,Keyword-draft tags; human charting still required.
pipeline_stage,infrastructure,2023,contemporary,26,26,13,17,3,2,10,0,22,0,22,,,,2023,Virtual Fly Brain—An interactive atlas of the Drosophila nervous system,10.3389/fphys.2023.1076533,keyword_draft,Keyword-draft tags; human charting still required.
pipeline_stage,infrastructure,2024,contemporary,35,35,17,24,5,4,18,0,30,0,30,,,,2024,A petavoxel fragment of human cerebral cortex reconstructed at nanoscale resolution,10.1126/science.adk4858,keyword_draft,Keyword-draft tags; human charting still required.
pipeline_stage,infrastructure,2025,sota,61,61,27,37,3,1,61,0,0,6,6,,,,2025,Connectome-driven neural inventory of a complete visual system,10.1038/s41586-025-08746-0,keyword_draft,Keyword-draft tags; human charting still required.
pipeline_stage,infrastructure,2026,sota,55,55,18,37,0,0,55,0,0,39,39,,,,2026,ConnectoFM: A Foundation Model for Learning the Language of the Connectome,10.64898/2026.06.06.730367,keyword_draft,Keyword-draft tags; human charting still required.
pipeline_stage,graph_analysis,pre-2005,history,2,2,1,2,2,2,1,2,0,0,2,1986,The structure of the nervous system of the nematode Caenorhabditis elegans,10.1098/rstb.1986.0056,,,,keyword_draft,Keyword-draft tags; human charting still required.
pipeline_stage,graph_analysis,2005–2009,history,9,9,6,7,5,7,6,7,0,0,7,2009,Structural Properties of the Caenorhabditis elegans Neuronal Network,10.1371/journal.pcbi.1001066,,,,keyword_draft,Keyword-draft tags; human charting still required.
pipeline_stage,graph_analysis,2010–2015,history,89,89,52,48,27,54,45,71,0,0,71,2014,A mesoscale connectome of the mouse brain,10.1038/nature13186,,,,keyword_draft,Keyword-draft tags; human charting still required.
pipeline_stage,graph_analysis,2016–2018,history,103,103,50,58,26,36,42,82,0,0,82,2017,The complete connectome of a learning and memory centre in an insect brain,10.1101/141762,,,,keyword_draft,Keyword-draft tags; human charting still required.
pipeline_stage,graph_analysis,2019,contemporary,45,45,24,28,12,15,20,0,36,0,36,,,,2019,Whole-animal connectomes of both Caenorhabditis elegans sexes,10.1038/s41586-019-1352-7,keyword_draft,Keyword-draft tags; human charting still required.
pipeline_stage,graph_analysis,2020,contemporary,47,47,26,39,20,14,26,0,39,0,39,,,,2020,FlyWire: Online community for whole-brain connectomics,10.1038/s41592-021-01330-0,keyword_draft,Keyword-draft tags; human charting still required.
pipeline_stage,graph_analysis,2021,contemporary,51,51,20,30,9,10,17,0,36,0,36,,,,2021,Functional connectomics spanning multiple areas of mouse visual cortex,10.1038/s41586-025-08790-w,keyword_draft,Keyword-draft tags; human charting still required.
pipeline_stage,graph_analysis,2022,contemporary,45,45,23,29,13,12,21,0,38,0,38,,,,2022,The connectome of an insect brain,10.1126/science.add9330,keyword_draft,Keyword-draft tags; human charting still required.
pipeline_stage,graph_analysis,2023,contemporary,44,44,20,32,4,3,19,0,37,0,37,,,,2023,A Connectome of the Male Drosophila Ventral Nerve Cord,10.1101/2023.06.05.543757,keyword_draft,Keyword-draft tags; human charting still required.
pipeline_stage,graph_analysis,2024,contemporary,68,68,35,46,7,3,38,0,56,0,56,,,,2024,Neuronal wiring diagram of an adult brain,10.1038/s41586-024-07558-y,keyword_draft,Keyword-draft tags; human charting still required.
pipeline_stage,graph_analysis,2025,sota,76,76,46,59,3,1,76,0,0,14,14,,,,2025,Inhibitory specificity from a connectomic census of mouse visual cortex,10.1038/s41586-024-07780-8,keyword_draft,Keyword-draft tags; human charting still required.
pipeline_stage,graph_analysis,2026,sota,71,71,18,49,0,0,71,0,0,51,51,,,,2026,ConnectoFM: A Foundation Model for Learning the Language of the Connectome,10.64898/2026.06.06.730367,keyword_draft,Keyword-draft tags; human charting still required.
pipeline_stage,modeling,pre-2005,history,0,0,0,0,0,0,0,0,0,0,0,,,,,,,keyword_draft,Keyword-draft tags; human charting still required.
pipeline_stage,modeling,2005–2009,history,2,2,0,0,0,0,0,0,0,0,0,,,,,,,keyword_draft,Keyword-draft tags; human charting still required.
pipeline_stage,modeling,2010–2015,history,15,15,7,4,2,6,3,9,0,0,9,2014,A mesoscale connectome of the mouse brain,10.1038/nature13186,,,,keyword_draft,Keyword-draft tags; human charting still required.
pipeline_stage,modeling,2016–2018,history,22,22,12,10,4,9,6,18,0,0,18,2017,The comprehensive connectome of a neural substrate for ‘ON’ motion detection in Drosophila,10.7554/elife.24394,,,,keyword_draft,Keyword-draft tags; human charting still required.
pipeline_stage,modeling,2019,contemporary,11,11,2,7,1,0,1,0,7,0,7,,,,2019,Constraining computational models using electron microscopy wiring diagrams.,10.1016/j.conb.2019.07.007,keyword_draft,Keyword-draft tags; human charting still required.
pipeline_stage,modeling,2020,contemporary,18,18,6,11,5,3,8,0,12,0,12,,,,2020,Whitening of odor representations by the wiring diagram of the olfactory bulb,10.1038/s41593-019-0576-z,keyword_draft,Keyword-draft tags; human charting still required.
pipeline_stage,modeling,2021,contemporary,11,11,7,6,2,2,5,0,9,0,9,,,,2021,Connectomic features underlying diverse synaptic connection strengths and subcellular computati…,10.1101/2021.08.19.456845,keyword_draft,Keyword-draft tags; human charting still required.
pipeline_stage,modeling,2022,contemporary,10,10,4,6,0,1,1,0,7,0,7,,,,2022,Scale matters: The nested human connectome,10.1126/science.abq2599,keyword_draft,Keyword-draft tags; human charting still required.
pipeline_stage,modeling,2023,contemporary,11,11,7,9,1,0,6,0,10,0,10,,,,2023,Connectome-constrained deep mechanistic networks predict neural responses across the fly visual…,10.1101/2023.03.11.532232,keyword_draft,Keyword-draft tags; human charting still required.
pipeline_stage,modeling,2024,contemporary,20,20,12,15,5,2,11,0,18,0,18,,,,2024,Connectome-constrained networks predict neural activity across the fly visual system,10.1038/s41586-024-07939-3,keyword_draft,Keyword-draft tags; human charting still required.
pipeline_stage,modeling,2025,sota,23,23,14,14,0,0,23,0,0,4,4,,,,2025,Cascades and convergence: dynamic signal flow in a synapse-level brain network,10.1101/2024.12.04.624189,keyword_draft,Keyword-draft tags; human charting still required.
pipeline_stage,modeling,2026,sota,28,28,12,13,0,0,28,0,0,15,15,,,,2026,Isotropic Reconstruction of Anisotropic vEM Volumes with ViT-Guided Diffusion,10.3390/electronics15061181,keyword_draft,Keyword-draft tags; human charting still required.
pipeline_stage,untagged_needs_axis_coding,pre-2005,history,4,4,1,0,0,3,1,1,0,0,1,2002,Geometry and structural plasticity of synaptic connectivity.,10.1016/s0896-6273(02)00652-9,,,,blocked_needs_human_axis,"v5 stage×era cell; stages are keyword-draft from dryrun_work_tags.csv, not human-charted. History ≤2018 = year-pct≥50 or k-core≥3. Contemporary 2019–2024 = that bar or Out≥3. SOTA = 2026 Out≥3 OR In≥1; 2025 Out≥3 AND In≥2. Untagged row needs biological-application or field-synthesis axis coding (v5 §6)."
pipeline_stage,untagged_needs_axis_coding,2005–2009,history,4,4,1,2,1,3,1,3,0,0,3,2006,Gene Expression of Caenorhabditis elegans Neurons Carries Information on Their Synaptic Connect…,10.1371/journal.pcbi.0020167,,,,blocked_needs_human_axis,"v5 stage×era cell; stages are keyword-draft from dryrun_work_tags.csv, not human-charted. History ≤2018 = year-pct≥50 or k-core≥3. Contemporary 2019–2024 = that bar or Out≥3. SOTA = 2026 Out≥3 OR In≥1; 2025 Out≥3 AND In≥2. Untagged row needs biological-application or field-synthesis axis coding (v5 §6)."
pipeline_stage,untagged_needs_axis_coding,2010–2015,history,42,42,26,20,10,27,20,32,0,0,32,2013,A visual motion detection circuit suggested by Drosophila connectomics,10.1038/nature12450,,,,blocked_needs_human_axis,"v5 stage×era cell; stages are keyword-draft from dryrun_work_tags.csv, not human-charted. History ≤2018 = year-pct≥50 or k-core≥3. Contemporary 2019–2024 = that bar or Out≥3. SOTA = 2026 Out≥3 OR In≥1; 2025 Out≥3 AND In≥2. Untagged row needs biological-application or field-synthesis axis coding (v5 §6)."
pipeline_stage,untagged_needs_axis_coding,2016–2018,history,54,54,30,32,13,21,21,45,0,0,45,2016,Anatomy and function of an excitatory network in the visual cortex,10.1038/nature17192,,,,blocked_needs_human_axis,"v5 stage×era cell; stages are keyword-draft from dryrun_work_tags.csv, not human-charted. History ≤2018 = year-pct≥50 or k-core≥3. Contemporary 2019–2024 = that bar or Out≥3. SOTA = 2026 Out≥3 OR In≥1; 2025 Out≥3 AND In≥2. Untagged row needs biological-application or field-synthesis axis coding (v5 §6)."
pipeline_stage,untagged_needs_axis_coding,2019,contemporary,14,14,10,7,1,4,5,0,13,0,13,,,,2019,"Big data in nanoscale connectomics, and the greed for training labels.",10.1016/j.conb.2019.03.012,blocked_needs_human_axis,"v5 stage×era cell; stages are keyword-draft from dryrun_work_tags.csv, not human-charted. History ≤2018 = year-pct≥50 or k-core≥3. Contemporary 2019–2024 = that bar or Out≥3. SOTA = 2026 Out≥3 OR In≥1; 2025 Out≥3 AND In≥2. Untagged row needs biological-application or field-synthesis axis coding (v5 §6)."
pipeline_stage,untagged_needs_axis_coding,2020,contemporary,28,28,19,18,6,9,11,0,25,0,25,,,,2020,The connectome of the adult Drosophila mushroom body provides insights into function,10.7554/elife.62576,blocked_needs_human_axis,"v5 stage×era cell; stages are keyword-draft from dryrun_work_tags.csv, not human-charted. History ≤2018 = year-pct≥50 or k-core≥3. Contemporary 2019–2024 = that bar or Out≥3. SOTA = 2026 Out≥3 OR In≥1; 2025 Out≥3 AND In≥2. Untagged row needs biological-application or field-synthesis axis coding (v5 §6)."
pipeline_stage,untagged_needs_axis_coding,2021,contemporary,30,30,16,18,2,3,12,0,23,0,23,,,,2021,Circuits for integrating learned and innate valences in the insect brain,10.7554/elife.62567,blocked_needs_human_axis,"v5 stage×era cell; stages are keyword-draft from dryrun_work_tags.csv, not human-charted. History ≤2018 = year-pct≥50 or k-core≥3. Contemporary 2019–2024 = that bar or Out≥3. SOTA = 2026 Out≥3 OR In≥1; 2025 Out≥3 AND In≥2. Untagged row needs biological-application or field-synthesis axis coding (v5 §6)."
pipeline_stage,untagged_needs_axis_coding,2022,contemporary,28,28,13,16,2,2,12,0,21,0,21,,,,2022,Connectomic comparison of mouse and human cortex,10.1126/science.abo0924,blocked_needs_human_axis,"v5 stage×era cell; stages are keyword-draft from dryrun_work_tags.csv, not human-charted. History ≤2018 = year-pct≥50 or k-core≥3. Contemporary 2019–2024 = that bar or Out≥3. SOTA = 2026 Out≥3 OR In≥1; 2025 Out≥3 AND In≥2. Untagged row needs biological-application or field-synthesis axis coding (v5 §6)."
pipeline_stage,untagged_needs_axis_coding,2023,contemporary,33,33,21,20,1,0,14,0,27,0,27,,,,2023,Neural Networks for Navigation: From Connections to Computations.,10.1146/annurev-neuro-110920-032645,blocked_needs_human_axis,"v5 stage×era cell; stages are keyword-draft from dryrun_work_tags.csv, not human-charted. History ≤2018 = year-pct≥50 or k-core≥3. Contemporary 2019–2024 = that bar or Out≥3. SOTA = 2026 Out≥3 OR In≥1; 2025 Out≥3 AND In≥2. Untagged row needs biological-application or field-synthesis axis coding (v5 §6)."
pipeline_stage,untagged_needs_axis_coding,2024,contemporary,24,24,14,13,2,2,12,0,18,0,18,,,,2024,A split-GAL4 driver line resource for Drosophila neuron types,10.1101/2024.01.09.574419,blocked_needs_human_axis,"v5 stage×era cell; stages are keyword-draft from dryrun_work_tags.csv, not human-charted. History ≤2018 = year-pct≥50 or k-core≥3. Contemporary 2019–2024 = that bar or Out≥3. SOTA = 2026 Out≥3 OR In≥1; 2025 Out≥3 AND In≥2. Untagged row needs biological-application or field-synthesis axis coding (v5 §6)."
pipeline_stage,untagged_needs_axis_coding,2025,sota,32,32,19,21,3,1,32,0,0,6,6,,,,2025,Functional connectomics reveals general wiring rule in mouse visual cortex,10.1038/s41586-025-08840-3,blocked_needs_human_axis,"v5 stage×era cell; stages are keyword-draft from dryrun_work_tags.csv, not human-charted. History ≤2018 = year-pct≥50 or k-core≥3. Contemporary 2019–2024 = that bar or Out≥3. SOTA = 2026 Out≥3 OR In≥1; 2025 Out≥3 AND In≥2. Untagged row needs biological-application or field-synthesis axis coding (v5 §6)."
pipeline_stage,untagged_needs_axis_coding,2026,sota,22,22,12,14,0,0,22,0,0,14,14,,,,2026,Connectome analysis reveals brainwide visual processing in Drosophila,10.64898/2026.02.02.700492,blocked_needs_human_axis,"v5 stage×era cell; stages are keyword-draft from dryrun_work_tags.csv, not human-charted. History ≤2018 = year-pct≥50 or k-core≥3. Contemporary 2019–2024 = that bar or Out≥3. SOTA = 2026 Out≥3 OR In≥1; 2025 Out≥3 AND In≥2. Untagged row needs biological-application or field-synthesis axis coding (v5 §6)."
organism,elegans,pre-2005,history,2,2,1,2,2,2,1,2,0,0,2,1986,The structure of the nervous system of the nematode Caenorhabditis elegans,10.1098/rstb.1986.0056,,,,keyword_draft,Keyword-draft tags; human charting still required.
organism,elegans,2005–2009,history,5,5,2,4,2,4,2,4,0,0,4,2009,Structural Properties of the Caenorhabditis elegans Neuronal Network,10.1371/journal.pcbi.1001066,,,,keyword_draft,Keyword-draft tags; human charting still required.
organism,elegans,2010–2015,history,28,28,12,16,9,12,14,19,0,0,19,2014,A mesoscale connectome of the mouse brain,10.1038/nature13186,,,,keyword_draft,Keyword-draft tags; human charting still required.
organism,elegans,2016–2018,history,43,43,20,31,14,10,21,38,0,0,38,2018,A Pipeline for Volume Electron Microscopy of the Caenorhabditis elegans Nervous System,10.3389/fncir.2018.00094,,,,keyword_draft,Keyword-draft tags; human charting still required.
organism,elegans,2019,contemporary,12,12,5,9,3,4,6,0,11,0,11,,,,2019,Whole-animal connectomes of both Caenorhabditis elegans sexes,10.1038/s41586-019-1352-7,keyword_draft,Keyword-draft tags; human charting still required.
organism,elegans,2020,contemporary,19,19,8,16,4,1,10,0,17,0,17,,,,2020,Molecular topography of an entire nervous system,10.1101/2020.12.15.422897,keyword_draft,Keyword-draft tags; human charting still required.
organism,elegans,2021,contemporary,20,20,7,14,2,2,10,0,15,0,15,,,,2021,Connectomes across development reveal principles of brain maturation,10.1038/s41586-021-03778-8,keyword_draft,Keyword-draft tags; human charting still required.
organism,elegans,2022,contemporary,17,17,7,13,3,2,5,0,14,0,14,,,,2022,The neuropeptidergic connectome of C. elegans,10.1016/j.neuron.2023.09.043,keyword_draft,Keyword-draft tags; human charting still required.
organism,elegans,2023,contemporary,18,18,8,13,1,0,5,0,16,0,16,,,,2023,Cyclic structure with cellular precision in a vertebrate sensorimotor neural circuit,10.1016/j.cub.2023.05.010,keyword_draft,Keyword-draft tags; human charting still required.
organism,elegans,2024,contemporary,18,18,4,12,2,0,12,0,13,0,13,,,,2024,Diverging network architecture of the C. elegans connectome and signaling network,10.1103/6wgv-b9m6,keyword_draft,Keyword-draft tags; human charting still required.
organism,elegans,2025,sota,14,14,8,12,0,0,14,0,0,2,2,,,,2025,Divergence in neuronal signaling pathways despite conserved neuronal identity among Caenorhabdi…,10.1016/j.cub.2025.05.036,keyword_draft,Keyword-draft tags; human charting still required.
organism,elegans,2026,sota,21,21,3,16,0,0,21,0,0,16,16,,,,2026,Signed motif analysis of the Caenorhabditis elegans neuronal network reveals positive feedforwa…,10.1186/s12915-026-02641-4,keyword_draft,Keyword-draft tags; human charting still required.
organism,fly,pre-2005,history,1,1,0,0,0,1,0,0,0,0,0,,,,,,,keyword_draft,Keyword-draft tags; human charting still required.
organism,fly,2005–2009,history,0,0,0,0,0,0,0,0,0,0,0,,,,,,,keyword_draft,Keyword-draft tags; human charting still required.
organism,fly,2010–2015,history,17,17,7,12,5,7,9,13,0,0,13,2013,A visual motion detection circuit suggested by Drosophila connectomics,10.1038/nature12450,,,,keyword_draft,Keyword-draft tags; human charting still required.
organism,fly,2016–2018,history,38,38,23,32,21,16,26,34,0,0,34,2017,A Complete Electron Microscopy Volume of the Brain of Adult Drosophila melanogaster,10.1016/j.cell.2018.06.019,,,,keyword_draft,Keyword-draft tags; human charting still required.
organism,fly,2019,contemporary,16,16,9,12,7,7,11,0,13,0,13,,,,2019,En bloc preparation of Drosophila brains enables high-throughput FIB-SEM connectomics,10.1101/855130,keyword_draft,Keyword-draft tags; human charting still required.
organism,fly,2020,contemporary,30,30,24,25,20,14,23,0,28,0,28,,,,2020,FlyWire: Online community for whole-brain connectomics,10.1038/s41592-021-01330-0,keyword_draft,Keyword-draft tags; human charting still required.
organism,fly,2021,contemporary,18,18,11,14,6,1,9,0,14,0,14,,,,2021,Connectomic features underlying diverse synaptic connection strengths and subcellular computati…,10.1101/2021.08.19.456845,keyword_draft,Keyword-draft tags; human charting still required.
organism,fly,2022,contemporary,23,23,11,16,6,3,14,0,18,0,18,,,,2022,The connectome of an insect brain,10.1126/science.add9330,keyword_draft,Keyword-draft tags; human charting still required.
organism,fly,2023,contemporary,41,41,30,32,5,3,25,0,37,0,37,,,,2023,A Connectome of the Male Drosophila Ventral Nerve Cord,10.1101/2023.06.05.543757,keyword_draft,Keyword-draft tags; human charting still required.
organism,fly,2024,contemporary,45,45,30,31,11,7,32,0,37,0,37,,,,2024,Neuronal wiring diagram of an adult brain,10.1038/s41586-024-07558-y,keyword_draft,Keyword-draft tags; human charting still required.
organism,fly,2025,sota,58,58,36,44,4,0,58,0,0,13,13,,,,2025,Comparative connectomics of Drosophila descending and ascending neurons,10.1038/s41586-025-08925-z,keyword_draft,Keyword-draft tags; human charting still required.
organism,fly,2026,sota,47,47,17,33,0,0,47,0,0,33,33,,,,2026,Connectome analysis reveals brainwide visual processing in Drosophila,10.64898/2026.02.02.700492,keyword_draft,Keyword-draft tags; human charting still required.
organism,mouse,pre-2005,history,1,1,1,0,0,1,0,1,0,0,1,2002,Geometry and structural plasticity of synaptic connectivity.,10.1016/s0896-6273(02)00652-9,,,,keyword_draft,Keyword-draft tags; human charting still required.
organism,mouse,2005–2009,history,2,2,1,1,1,1,1,1,0,0,1,2009,A Computational Framework for Ultrastructural Mapping of Neural Circuitry,10.1371/journal.pbio.1000074,,,,keyword_draft,Keyword-draft tags; human charting still required.
organism,mouse,2010–2015,history,44,44,31,27,17,30,21,38,0,0,38,2011,Network anatomy and in vivo physiology of visual cortical neurons,10.1038/nature09802,,,,keyword_draft,Keyword-draft tags; human charting still required.
organism,mouse,2016–2018,history,42,42,23,23,11,19,16,34,0,0,34,2016,Anatomy and function of an excitatory network in the visual cortex,10.1038/nature17192,,,,keyword_draft,Keyword-draft tags; human charting still required.
organism,mouse,2019,contemporary,18,18,12,13,5,7,9,0,16,0,16,,,,2019,Synaptic Partner Assignment Using Attentional Voxel Association Networks,10.1109/isbi45749.2020.9098489,keyword_draft,Keyword-draft tags; human charting still required.
organism,mouse,2020,contemporary,21,21,12,14,5,7,8,0,16,0,16,,,,2020,The Mind of a Mouse.,10.1016/j.cell.2020.08.010,keyword_draft,Keyword-draft tags; human charting still required.
organism,mouse,2021,contemporary,31,31,17,17,6,8,11,0,24,0,24,,,,2021,Functional connectomics spanning multiple areas of mouse visual cortex,10.1038/s41586-025-08790-w,keyword_draft,Keyword-draft tags; human charting still required.
organism,mouse,2022,contemporary,12,12,7,8,3,0,7,0,10,0,10,,,,2022,Multi-layered maps of neuropil with segmentation-guided contrastive learning,10.1038/s41592-023-02059-8,keyword_draft,Keyword-draft tags; human charting still required.
organism,mouse,2023,contemporary,21,21,9,14,2,0,10,0,17,0,17,,,,2023,Cell-type-specific inhibitory circuitry from a connectomic census of mouse visual cortex,10.1101/2023.01.23.525290,keyword_draft,Keyword-draft tags; human charting still required.
organism,mouse,2024,contemporary,25,25,17,15,1,3,12,0,23,0,23,,,,2024,A petavoxel fragment of human cerebral cortex reconstructed at nanoscale resolution,10.1126/science.adk4858,keyword_draft,Keyword-draft tags; human charting still required.
organism,mouse,2025,sota,29,29,20,23,5,4,29,0,0,9,9,,,,2025,Inhibitory specificity from a connectomic census of mouse visual cortex,10.1038/s41586-024-07780-8,keyword_draft,Keyword-draft tags; human charting still required.
organism,mouse,2026,sota,25,25,8,16,0,0,25,0,0,17,17,,,,2026,Learning the wiring rules of a mammalian cortical column,10.64898/2026.07.09.737432,keyword_draft,Keyword-draft tags; human charting still required.
organism,human,pre-2005,history,0,0,0,0,0,0,0,0,0,0,0,,,,,,,keyword_draft,Keyword-draft tags; human charting still required.
organism,human,2005–2009,history,1,1,0,0,0,0,0,0,0,0,0,,,,,,,keyword_draft,Keyword-draft tags; human charting still required.
organism,human,2010–2015,history,0,0,0,0,0,0,0,0,0,0,0,,,,,,,keyword_draft,Keyword-draft tags; human charting still required.
organism,human,2016–2018,history,0,0,0,0,0,0,0,0,0,0,0,,,,,,,keyword_draft,Keyword-draft tags; human charting still required.
organism,human,2019,contemporary,0,0,0,0,0,0,0,0,0,0,0,,,,,,,keyword_draft,Keyword-draft tags; human charting still required.
organism,human,2020,contemporary,0,0,0,0,0,0,0,0,0,0,0,,,,,,,keyword_draft,Keyword-draft tags; human charting still required.
organism,human,2021,contemporary,1,1,1,1,1,1,1,0,1,0,1,,,,2021,A connectomic study of a petascale fragment of human cerebral cortex,10.1101/2021.05.29.446289,keyword_draft,Keyword-draft tags; human charting still required.
organism,human,2022,contemporary,1,1,1,1,1,1,1,0,1,0,1,,,,2022,Connectomic comparison of mouse and human cortex,10.1126/science.abo0924,keyword_draft,Keyword-draft tags; human charting still required.
organism,human,2023,contemporary,3,3,2,1,1,1,2,0,2,0,2,,,,2023,Immersion fixation and staining of multi-cubic millimeter volumes for electron microscopy-based…,10.1016/j.biopsych.2023.01.025,keyword_draft,Keyword-draft tags; human charting still required.
organism,human,2024,contemporary,4,4,2,2,1,1,2,0,3,0,3,,,,2024,A petavoxel fragment of human cerebral cortex reconstructed at nanoscale resolution,10.1126/science.adk4858,keyword_draft,Keyword-draft tags; human charting still required.
organism,human,2025,sota,3,3,1,1,0,0,3,0,0,0,0,,,,,,,keyword_draft,Keyword-draft tags; human charting still required.
organism,human,2026,sota,3,3,1,3,0,0,3,0,0,3,3,,,,2026,A quantitative census of millions of postsynaptic structures in a large electron microscopy vol…,10.64898/2026.02.19.706834,keyword_draft,Keyword-draft tags; human charting still required.
organism,zebrafish,pre-2005,history,0,0,0,0,0,0,0,0,0,0,0,,,,,,,keyword_draft,Keyword-draft tags; human charting still required.
organism,zebrafish,2005–2009,history,0,0,0,0,0,0,0,0,0,0,0,,,,,,,keyword_draft,Keyword-draft tags; human charting still required.
organism,zebrafish,2010–2015,history,2,2,1,1,0,1,1,2,0,0,2,2012,Graph Theoretical Model of a Sensorimotor Connectome in Zebrafish,10.1371/journal.pone.0037292,,,,keyword_draft,Keyword-draft tags; human charting still required.
organism,zebrafish,2016–2018,history,9,9,5,8,3,1,6,8,0,0,8,2017,Automated synaptic connectivity inference for volume electron microscopy,10.1038/nmeth.4206,,,,keyword_draft,Keyword-draft tags; human charting still required.
organism,zebrafish,2019,contemporary,2,2,1,1,0,1,1,0,1,0,1,,,,2019,A Cellular-Resolution Atlas of the Larval Zebrafish Brain.,10.1016/j.neuron.2019.04.034,keyword_draft,Keyword-draft tags; human charting still required.
organism,zebrafish,2020,contemporary,1,1,1,1,1,1,1,0,1,0,1,,,,2020,Whitening of odor representations by the wiring diagram of the olfactory bulb,10.1038/s41593-019-0576-z,keyword_draft,Keyword-draft tags; human charting still required.
organism,zebrafish,2021,contemporary,6,6,4,4,1,0,4,0,5,0,5,,,,2021,NucMM Dataset: 3D Neuronal Nuclei Instance Segmentation at Sub-Cubic Millimeter Scale,10.1007/978-3-030-87193-2_16,keyword_draft,Keyword-draft tags; human charting still required.
organism,zebrafish,2022,contemporary,5,5,4,4,2,3,4,0,5,0,5,,,,2022,Automated synapse-level reconstruction of neural circuits in the larval zebrafish brain,10.1038/s41592-022-01621-0,keyword_draft,Keyword-draft tags; human charting still required.
organism,zebrafish,2023,contemporary,9,9,6,6,1,1,5,0,8,0,8,,,,2023,Cyclic structure with cellular precision in a vertebrate sensorimotor neural circuit,10.1016/j.cub.2023.05.010,keyword_draft,Keyword-draft tags; human charting still required.
organism,zebrafish,2024,contemporary,2,2,2,1,0,0,1,0,2,0,2,,,,2024,Predicting modular functions and neural coding of behavior from a synaptic wiring diagram,10.1038/s41593-024-01784-3,keyword_draft,Keyword-draft tags; human charting still required.
organism,zebrafish,2025,sota,3,3,2,3,1,0,3,0,0,0,0,,,,,,,keyword_draft,Keyword-draft tags; human charting still required.
organism,zebrafish,2026,sota,6,6,1,4,0,0,6,0,0,5,5,,,,2026,ConnectomeBench2: A Unified Benchmark for Automated Connectomic Proofreading,10.48550/arxiv.2606.21116,keyword_draft,Keyword-draft tags; human charting still required.
organism,other,pre-2005,history,1,1,1,1,0,1,1,1,0,0,1,1998,Three-Dimensional Structure and Composition of CA3→CA1 Axons in Rat Hippocampal Slices: Implica…,10.1523/jneurosci.18-20-08300.1998,,,,keyword_draft,Keyword-draft tags; human charting still required.
organism,other,2005–2009,history,3,3,2,2,1,3,2,3,0,0,3,2005,Highly Nonrandom Features of Synaptic Connectivity in Local Cortical Circuits,10.1371/journal.pbio.0030068,,,,keyword_draft,Keyword-draft tags; human charting still required.
organism,other,2010–2015,history,22,22,9,12,7,10,12,16,0,0,16,2010,Ultrastructural analysis of hippocampal neuropil from the connectomics perspective,10.1016/j.neuron.2010.08.014,,,,keyword_draft,Keyword-draft tags; human charting still required.
organism,other,2016–2018,history,17,17,14,11,7,9,9,15,0,0,15,2017,High-precision automated reconstruction of neurons with flood-filling networks,10.1038/s41592-018-0049-4,,,,keyword_draft,Keyword-draft tags; human charting still required.
organism,other,2019,contemporary,4,4,0,3,1,0,2,0,3,0,3,,,,2019,Wide-field amacrine cell inputs to ON parasol ganglion cells in macaque retina,10.1002/cne.24840,keyword_draft,Keyword-draft tags; human charting still required.
organism,other,2020,contemporary,4,4,2,3,2,1,3,0,3,0,3,,,,2020,Whole-animal connectome and cell-type complement of the three-segmented Platynereis dumerilii l…,10.1101/2020.08.21.260984,keyword_draft,Keyword-draft tags; human charting still required.
organism,other,2021,contemporary,8,8,4,5,0,3,3,0,7,0,7,,,,2021,Synaptic inputs to broad thorny ganglion cells in macaque retina,10.1002/cne.25156,keyword_draft,Keyword-draft tags; human charting still required.
organism,other,2022,contemporary,6,6,3,5,2,0,4,0,5,0,5,,,,2022,SyConn2: dense synaptic connectivity inference for volume electron microscopy,10.1038/s41592-022-01624-x,keyword_draft,Keyword-draft tags; human charting still required.
organism,other,2023,contemporary,6,6,3,4,0,0,2,0,5,0,5,,,,2023,Comparative connectomics reveals noncanonical wiring for color vision in human foveal retina,10.1073/pnas.2300545120,keyword_draft,Keyword-draft tags; human charting still required.
organism,other,2024,contemporary,6,6,1,4,0,0,3,0,5,0,5,,,,2024,A connectome manipulation framework for the systematic and reproducible study of structure–func…,10.1101/2024.05.24.593860,keyword_draft,Keyword-draft tags; human charting still required.
organism,other,2025,sota,8,8,6,5,1,0,8,0,0,1,1,,,,2025,Whole-body connectome of a segmented annelid larva,10.1101/2024.03.17.585258,keyword_draft,Keyword-draft tags; human charting still required.
organism,other,2026,sota,5,5,2,3,0,0,5,0,0,3,3,,,,2026,The Cerebellar Connectome,10.1007/s12311-026-02042-x,keyword_draft,Keyword-draft tags; human charting still required.
organism,no_dataset_tag,pre-2005,history,3,3,1,1,1,2,2,1,0,0,1,2004,Serial Block-Face Scanning Electron Microscopy to Reconstruct Three-Dimensional Tissue Nanostru…,10.1371/journal.pbio.0020329,,,,partial_no_registry_dataset,Keyword-draft tags; human charting still required.
organism,no_dataset_tag,2005–2009,history,10,10,7,6,5,7,6,7,0,0,7,2008,Ome sweet ome: what can the genome tell us about the connectome?,10.1016/j.conb.2008.08.010,,,,partial_no_registry_dataset,Keyword-draft tags; human charting still required.
organism,no_dataset_tag,2010–2015,history,100,100,59,55,33,64,54,81,0,0,81,2012,Volume electron microscopy for neuronal circuit reconstruction.,10.1016/j.conb.2011.10.022,,,,partial_no_registry_dataset,Keyword-draft tags; human charting still required.
organism,no_dataset_tag,2016–2018,history,94,94,46,50,23,35,30,72,0,0,72,2018,VAST (Volume Annotation and Segmentation Tool): Efficient Manual and Semi-Automatic Labeling of…,10.3389/fncir.2018.00088,,,,partial_no_registry_dataset,Keyword-draft tags; human charting still required.
organism,no_dataset_tag,2019,contemporary,49,49,27,25,10,11,17,0,37,0,37,,,,2019,Large Scale Image Segmentation with Structured Loss Based Deep Learning for Connectome Reconstr…,10.1109/tpami.2018.2835450,partial_no_registry_dataset,Keyword-draft tags; human charting still required.
organism,no_dataset_tag,2020,contemporary,41,41,19,23,5,4,11,0,31,0,31,,,,2020,DotMotif: an open-source tool for connectome subgraph isomorphism search and graph queries,10.1101/2020.06.08.140533,partial_no_registry_dataset,Keyword-draft tags; human charting still required.
organism,no_dataset_tag,2021,contemporary,44,44,19,22,5,7,13,0,32,0,32,,,,2021,PyTorch Connectomics: A Scalable and Flexible Segmentation Framework for EM Connectomics,,partial_no_registry_dataset,Keyword-draft tags; human charting still required.
organism,no_dataset_tag,2022,contemporary,45,45,23,25,8,8,15,0,35,0,35,,,,2022,neuPrint: An open access tool for EM connectomics,10.3389/fninf.2022.896292,partial_no_registry_dataset,Keyword-draft tags; human charting still required.
organism,no_dataset_tag,2023,contemporary,28,28,11,15,2,1,6,0,20,0,20,,,,2023,mEMbrain: an interactive deep learning MATLAB tool for connectomic segmentation on commodity de…,10.3389/fncir.2023.952921,partial_no_registry_dataset,Keyword-draft tags; human charting still required.
organism,no_dataset_tag,2024,contemporary,39,39,18,29,3,0,12,0,34,0,34,,,,2024,The fly connectome reveals a path to the effectome,10.1038/s41586-024-07982-0,partial_no_registry_dataset,Keyword-draft tags; human charting still required.
organism,no_dataset_tag,2025,sota,55,55,28,28,1,1,55,0,0,4,4,,,,2025,Light-microscopy-based connectomic reconstruction of mammalian brain tissue,10.1038/s41586-025-08985-1,partial_no_registry_dataset,Keyword-draft tags; human charting still required.
organism,no_dataset_tag,2026,sota,40,40,14,21,0,0,40,0,0,22,22,,,,2026,ConnectoFM: A Foundation Model for Learning the Language of the Connectome,10.64898/2026.06.06.730367,partial_no_registry_dataset,Keyword-draft tags; human charting still required.
