work_id,doi,title,venue,outcome,evidence,n_cands,pdf_url,landing_url
work_e8008cd9a116e028,10.1016/j.cub.2022.06.039,A set of hub neurons and non-local connectivity features support global brain dynamics in C. elegans.,Current Biology,parser_miss,doi_landing:html,1,https://doi.org/10.1016/j.cub.2022.06.039,https://doi.org/10.1016/j.cub.2022.06.039
work_f4089e71d372f0e5,10.1126/science.abo0924,Connectomic comparison of mouse and human cortex,Science,paywall_confirmed,direct_search:HTTP403,2,https://www.science.org/doi/pdf/10.1126/science.abo0924,https://doi.org/10.1126/science.abo0924
work_aa4ac55bf3d997c2,10.1016/j.cell.2020.08.010,The Mind of a Mouse.,Cell,parser_miss,doi_landing:html,2,http://www.cell.com/article/S0092867420310011/pdf,https://doi.org/10.1016/j.cell.2020.08.010
work_20e028bfe929110a,10.1016/j.conb.2019.03.012,"Big data in nanoscale connectomics, and the greed for training labels.",Current Opinion in Neurobiology,parser_miss,doi_landing:html,1,https://doi.org/10.1016/j.conb.2019.03.012,https://doi.org/10.1016/j.conb.2019.03.012
work_4888d0293b40ce35,10.1016/j.conb.2019.07.007,Constraining computational models using electron microscopy wiring diagrams.,Current Opinion in Neurobiology,parser_miss,doi_landing:html,1,https://doi.org/10.1016/j.conb.2019.07.007,https://doi.org/10.1016/j.conb.2019.07.007
work_8eb544cf75eb1e58,10.1242/jeb.164954,Of what use is connectomics? A personal perspective on the Drosophila connectome,Journal of Experimental Biology,paywall_confirmed,doi_landing:HTTP403,2,http://journals.biologists.com/jeb/article-pdf/doi/10.1242/jeb.164954/1918591/jeb164954.pdf,https://doi.org/10.1242/jeb.164954
work_6c16ccac03d903e6,10.1038/nmeth.4206,Automated synaptic connectivity inference for volume electron microscopy,Nature Methods,parser_miss,doi_landing:html,3,http://www.nature.com/articles/nmeth.4206.pdf,https://doi.org/10.1038/nmeth.4206
work_9bbd63f1aa177d2c,10.1016/j.cois.2017.09.011,Learning from connectomics on the fly.,Current Opinion in Insect Science,parser_miss,doi_landing:html,2,https://www.repository.cam.ac.uk/bitstream/1810/274968/1/COIS_2017_98_Revision%201_V0%20%281%29.pdf,https://doi.org/10.1016/j.cois.2017.09.011
work_7c9431dcfcc3ff31,10.1038/nmeth.4331,webKnossos: efficient online 3D data annotation for connectomics,Nature Methods,parser_miss,doi_landing:html,3,http://www.nature.com/articles/nmeth.4331.pdf,https://doi.org/10.1038/nmeth.4331
work_2c6fe44c1be1c300,10.1038/nmeth.2476,Cellular-resolution connectomics: challenges of dense neural circuit reconstruction,Nature Methods,parser_miss,doi_landing:html,3,http://www.nature.com/articles/nmeth.2476.pdf,https://doi.org/10.1038/nmeth.2476
work_1afd0f5b17737035,10.1038/nmeth.2451,From the connectome to brain function,Nature Methods,parser_miss,doi_landing:html,3,http://www.nature.com/articles/nmeth.2451.pdf,https://doi.org/10.1038/nmeth.2451
work_82f50d96861b845b,10.1016/j.cub.2023.09.021,A complete reconstruction of the early visual system of an adult insect.,Current Biology,parser_miss,doi_landing:html,1,https://doi.org/10.1016/j.cub.2023.09.021,https://doi.org/10.1016/j.cub.2023.09.021
work_f144bf9a5935462c,10.1038/nrn.2016.182,Micro-connectomics: probing the organization of neuronal networks at the cellular scale,Nature Reviews Neuroscience,parser_miss,doi_landing:html,3,http://www.nature.com/articles/nrn.2016.182.pdf,https://doi.org/10.1038/nrn.2016.182
work_77f7a01eb5b8c41e,10.3109/01677063.2016.1166224,Connectome studies on Drosophila: a short perspective on a tiny brain,Journal of neurogenetics,paywall_confirmed,doi_landing:HTTP403,2,http://www.tandfonline.com/doi/pdf/10.3109/01677063.2016.1166224,https://doi.org/10.3109/01677063.2016.1166224
work_2dd964b0e399a1fe,10.1146/annurev-neuro-071714-033954,From Cajal to Connectome and Beyond.,Annual Review of Neuroscience,parser_miss,doi_landing:html,2,https://www.annualreviews.org/doi/pdf/10.1146/annurev-neuro-071714-033954,https://doi.org/10.1146/annurev-neuro-071714-033954
work_b5ff748c577ee45c,10.1109/tvcg.2014.2346371,Design and Evaluation of Interactive Proofreading Tools for Connectomics,IEEE Transactions on Visualization and Computer Graphics,parser_miss,doi_landing:not_pdf,2,http://xplorestaging.ieee.org/ielx7/2945/6935054/06875931.pdf?arnumber=6875931,https://doi.org/10.1109/tvcg.2014.2346371
work_354bd14e8f435b6f,10.1016/j.conb.2014.01.019,Toward large-scale connectome reconstructions.,Current Opinion in Neurobiology,parser_miss,doi_landing:html,1,https://doi.org/10.1016/j.conb.2014.01.019,https://doi.org/10.1016/j.conb.2014.01.019
work_4bc689f7d81f71a8,10.1016/j.cub.2023.08.020,Brain wiring determinants uncovered by integrating connectomes and transcriptomes.,Current Biology,parser_miss,doi_landing:html,1,https://doi.org/10.1016/j.cub.2023.08.020,https://doi.org/10.1016/j.cub.2023.08.020
work_70f9a69534438a69,10.1242/jeb.242740,A connectome is not enough - what is still needed to understand the brain of Drosophila?,Journal of Experimental Biology,paywall_confirmed,doi_landing:HTTP403,3,http://journals.biologists.com/jeb/article-pdf/doi/10.1242/jeb.242740/2110424/jeb242740.pdf,https://doi.org/10.1242/jeb.242740
work_27e18aa6bae94e96,10.1126/science.abb4534,Postnatal connectomic development of inhibition in mouse barrel cortex,Science,paywall_confirmed,doi_landing:HTTP403,2,https://www.science.org/doi/pdf/10.1126/science.abb4534,https://doi.org/10.1126/science.abb4534
work_da9bb861ea28c94b,10.1016/j.conb.2018.12.012,Neuronal cell types in the fly: single-cell anatomy meets single-cell genomics.,Current Opinion in Neurobiology,parser_miss,doi_landing:html,1,https://doi.org/10.1016/j.conb.2018.12.012,https://doi.org/10.1016/j.conb.2018.12.012
work_cda2a76c443e1ca4,10.1109/tvcg.2015.2467441,NeuroBlocks – Visual Tracking of Segmentation and Proofreading for Large Connectomics Projects,IEEE Transactions on Visualization and Computer Graphics,parser_miss,doi_landing:not_pdf,3,http://xplorestaging.ieee.org/ielx7/2945/4359476/07192653.pdf?arnumber=7192653,https://doi.org/10.1109/tvcg.2015.2467441
work_96a09e61135848a7,10.1016/j.plrev.2019.06.005,What would a synthetic connectome look like?,Physics of Life Reviews,parser_miss,doi_landing:html,1,https://doi.org/10.1016/j.plrev.2019.06.005,https://doi.org/10.1016/j.plrev.2019.06.005
work_b4a11e45d1e24136,10.2139/ssrn.4030988,Reprogramming the topology of the nociceptive circuit in C. elegans reshapes sexual behavior,Current Biology,paywall_confirmed,doi_landing:HTTP403,3,https://www.ncbi.nlm.nih.gov/pmc/articles/PMC9632328/pdf/,https://doi.org/10.2139/ssrn.4030988
work_1358cc4e6d15d0c8,10.1103/physreve.100.012301,Refined parcellation of the nervous system by algorithmic detection of hidden features within communities.,Physical Review E,paywall_confirmed,doi_landing:HTTP403,2,http://link.aps.org/pdf/10.1103/PhysRevE.100.012301,https://doi.org/10.1103/physreve.100.012301
work_5fce6ceceeaa09c7,10.1016/j.tics.2016.03.001,Comparative Connectomics.,Trends in Cognitive Sciences,parser_miss,doi_landing:html,3,https://europepmc.org/backend/ptpmcrender.fcgi?accid=PMC13232119&blobtype=pdf,https://doi.org/10.1016/j.tics.2016.03.001
work_13df857c596640ee,10.1016/j.neuron.2022.02.013,A functionally ordered visual feature map in the Drosophila brain.,Neuron,parser_miss,doi_landing:html,1,https://doi.org/10.1016/j.neuron.2022.02.013,https://doi.org/10.1016/j.neuron.2022.02.013
work_b0142f28782e124e,10.1016/j.celrep.2022.111151,Fear memory-associated synaptic and mitochondrial changes revealed by deep learning-based processing of electron microscopy data.,Cell Reports,parser_miss,doi_landing:html,1,https://doi.org/10.1016/j.celrep.2022.111151,https://doi.org/10.1016/j.celrep.2022.111151
work_ffcaf70a49cba62b,10.1016/j.conb.2018.10.007,Connectomics and function of a memory network: the mushroom body of larval Drosophila.,Current Opinion in Neurobiology,parser_miss,doi_landing:html,1,https://doi.org/10.1016/j.conb.2018.10.007,https://doi.org/10.1016/j.conb.2018.10.007
work_de69d8974ed67b3a,10.1016/j.tice.2018.08.011,Serial block face scanning electron microscopy in cell biology: Applications and technology.,Tissue & Cell,parser_miss,doi_landing:html,1,https://doi.org/10.1016/j.tice.2018.08.011,https://doi.org/10.1016/j.tice.2018.08.011
work_d2abedfe2fe8e9a8,10.1038/nrn3901,The connectomics of brain disorders,Nature Reviews Neuroscience,parser_miss,doi_landing:html,3,http://www.nature.com/articles/nrn3901.pdf,https://doi.org/10.1038/nrn3901
work_28c6a067561d25a1,10.1016/j.conb.2006.08.010,Towards neural circuit reconstruction with volume electron microscopy techniques.,Current Opinion in Neurobiology,parser_miss,doi_landing:html,1,https://doi.org/10.1016/j.conb.2006.08.010,https://doi.org/10.1016/j.conb.2006.08.010
work_b889b7bbc3c4d76b,10.1016/j.conb.2021.09.007,Small brains for big science.,Current Opinion in Neurobiology,parser_miss,doi_landing:html,1,https://doi.org/10.1016/j.conb.2021.09.007,https://doi.org/10.1016/j.conb.2021.09.007
work_3356ffe4646dbcae,10.1016/j.conb.2021.11.008,"The conserved core of the nereid brain: Circular CNS, apical nervous system and lhx6-arx-dlx neurons.",Current Opinion in Neurobiology,parser_miss,doi_landing:html,1,https://doi.org/10.1016/j.conb.2021.11.008,https://doi.org/10.1016/j.conb.2021.11.008
work_853fa92c78e2f996,10.31234/osf.io/hqgz7,Where the genome meets the connectome: Understanding how genes shape human brain connectivity,NeuroImage,parser_miss,doi_landing:html,2,https://psyarxiv.com/hqgz7/download,https://doi.org/10.31234/osf.io/hqgz7
work_2cd8a8967328e13a,10.1080/01677063.2020.1837799,A perspective on C. elegans neurodevelopment: from early visionaries to a booming neuroscience research,Journal of neurogenetics,paywall_confirmed,doi_landing:HTTP403,2,https://www.tandfonline.com/doi/pdf/10.1080/01677063.2020.1837799,https://doi.org/10.1080/01677063.2020.1837799
work_e5e95009073d075b,10.1016/j.conb.2018.12.008,Neuronal cell types in the annelid Platynereis dumerilii.,Current Opinion in Neurobiology,parser_miss,doi_landing:html,1,https://doi.org/10.1016/j.conb.2018.12.008,https://doi.org/10.1016/j.conb.2018.12.008
work_bc5e6ceb3ec3c528,10.1093/jmicro/dfv371,Recent advancement in the challenges to connectomics.,Microscopy,paywall_confirmed,doi_landing:HTTP403,2,http://academic.oup.com/jmicro/article-pdf/65/2/97/7952673/dfv371.pdf,https://doi.org/10.1093/jmicro/dfv371
work_38b49edc6e3d2483,10.1016/j.micron.2014.01.009,Exploring the third dimension: volume electron microscopy comes of age.,Micron,parser_miss,doi_landing:html,1,https://doi.org/10.1016/j.micron.2014.01.009,https://doi.org/10.1016/j.micron.2014.01.009
work_3cce75d511ef6842,10.1016/j.neuron.2013.11.026,Structured synaptic connectivity between hippocampal regions.,Neuron,parser_miss,doi_landing:html,1,https://doi.org/10.1016/j.neuron.2013.11.026,https://doi.org/10.1016/j.neuron.2013.11.026
work_ef2fffba97b01cff,10.1016/j.tins.2005.05.006,Neurogeometry and potential synaptic connectivity.,Trends in Neurosciences,parser_miss,doi_landing:html,1,https://doi.org/10.1016/j.tins.2005.05.006,https://doi.org/10.1016/j.tins.2005.05.006
work_7dd7962792f95bf5,10.1016/j.neures.2024.06.002,Volume Electron Microscopy for Genetically and Molecularly Defined Neural Circuits.,Neurosciences research,parser_miss,doi_landing:html,1,https://doi.org/10.1016/j.neures.2024.06.002,https://doi.org/10.1016/j.neures.2024.06.002
work_6d00499bc1daf535,10.1016/j.cub.2021.12.037,Connectomics: Relating synaptic connectivity to physiology.,Current Biology,parser_miss,doi_landing:html,1,https://doi.org/10.1016/j.cub.2021.12.037,https://doi.org/10.1016/j.cub.2021.12.037
work_c1b2632765333e01,10.1126/science.abq2599,Scale matters: The nested human connectome,Science,paywall_confirmed,doi_landing:HTTP403,2,https://www.science.org/doi/pdf/10.1126/science.abq2599,https://doi.org/10.1126/science.abq2599
work_3fc32d8b6b292ea4,10.1093/med/9780198713005.003.0013,The connectome,New Oxford Textbook of Psychiatry,paywall_confirmed,doi_landing:HTTP403,3,https://europepmc.org/backend/ptpmcrender.fcgi?accid=PMC13317015&blobtype=pdf,https://doi.org/10.1093/med/9780198713005.003.0013
work_9cfe282e43639758,10.1080/01677063.2020.1712598,Towards a functional connectome in Drosophila,Journal of neurogenetics,parser_miss,doi_landing:html,2,https://www.tandfonline.com/doi/pdf/10.1080/01677063.2020.1712598,https://doi.org/10.1080/01677063.2020.1712598
work_a0074df622a55228,10.1093/bib/bby048,Connectome verification: inter-rater and connection reliability of tract-tracing-based intrinsic hypothalamic connectivity,Briefings Bioinform.,paywall_confirmed,doi_landing:HTTP403,2,http://academic.oup.com/bib/article-pdf/20/5/1944/33614311/bby048.pdf,https://doi.org/10.1093/bib/bby048
work_256bc6e4bfbd9156,10.1162/neco_a_01159,Dynamic Computational Model of the Human Spinal Cord Connectome,Neural Computation,paywall_confirmed,doi_landing:HTTP403,2,https://www.mitpressjournals.org/doi/pdf/10.1162/neco_a_01159,https://doi.org/10.1162/neco_a_01159
work_82d6e0fcb7d01d1c,10.1016/j.celrep.2018.05.023,Volume EM Reconstruction of Spinal Cord Reveals Wiring Specificity in Speed-Related Motor Circuits.,Cell Reports,parser_miss,doi_landing:html,1,https://doi.org/10.1016/j.celrep.2018.05.023,https://doi.org/10.1016/j.celrep.2018.05.023
work_6d75c7ef9c4a7b7e,10.1109/tvcg.2012.240,Interactive Volume Exploration of Petascale Microscopy Data Streams Using a Visualization-Driven Virtual Memory Approach,IEEE Transactions on Visualization and Computer Graphics,parser_miss,doi_landing:not_pdf,2,http://xplorestaging.ieee.org/ielx5/2945/6327196/06327233.pdf?arnumber=6327233,https://doi.org/10.1109/tvcg.2012.240
work_2e135d4ee49a93d1,10.1126/science.1193378,From the Connectome to the Synaptome: An Epic Love Story,Science,parser_miss,doi_landing:html,2,https://www.science.org/doi/pdf/10.1126/science.1193378,https://doi.org/10.1126/science.1193378
work_db01207f4943cee6,10.1002/cne.25268,The organization of the zebrafish pallium from a hodological perspective,The Journal of comparative neurology,paywall_confirmed,doi_landing:HTTP403,3,https://onlinelibrary.wiley.com/doi/pdf/10.1002/cne.25268,https://doi.org/10.1002/cne.25268
work_7bbb57ed1549b5bc,10.1016/j.clinph.2019.06.006,Methods for analysis of brain connectivity: An IFCN-sponsored review.,Clinical Neurophysiology,parser_miss,doi_landing:html,2,https://helda.helsinki.fi/bitstream/10138/320954/1/1_s2.0_S1388245719309149_main.pdf,https://doi.org/10.1016/j.clinph.2019.06.006
work_606f12169fdb3452,10.1016/j.cryobiol.2015.09.003,Aldehyde-stabilized cryopreservation.,Cryobiology,parser_miss,doi_landing:html,1,https://doi.org/10.1016/j.cryobiol.2015.09.003,https://doi.org/10.1016/j.cryobiol.2015.09.003
work_4d5f8126d96042c6,10.1016/j.neubiorev.2015.07.014,Resting-state functional connectivity in major depressive disorder: A review.,Neuroscience and Biobehavioral Reviews,parser_miss,doi_landing:html,1,https://doi.org/10.1016/j.neubiorev.2015.07.014,https://doi.org/10.1016/j.neubiorev.2015.07.014
work_c285a4f34f98067b,10.1016/j.cortex.2013.08.005,The huge plastic potential of adult brain and the role of connectomics: new insights provided by serial mappings in glioma surgery.,Cortex; a journal devoted to the study of the nervous system and behavior,parser_miss,doi_landing:html,1,https://doi.org/10.1016/j.cortex.2013.08.005,https://doi.org/10.1016/j.cortex.2013.08.005
work_8126c1ea07c45313,10.1016/j.neuroimage.2011.08.085,From simple graphs to the connectome: Networks in neuroimaging,NeuroImage,parser_miss,doi_landing:html,1,https://doi.org/10.1016/j.neuroimage.2011.08.085,https://doi.org/10.1016/j.neuroimage.2011.08.085
work_7b69c0d654c6eb2e,10.1016/s0896-6273(02)00652-9,Geometry and structural plasticity of synaptic connectivity.,Neuron,parser_miss,doi_landing:html,1,https://doi.org/10.1016/s0896-6273(02)00652-9,https://doi.org/10.1016/s0896-6273(02)00652-9
work_c1722fdc8b5a9189,10.1007/s00429-017-1585-x,Efferents of anterior cingulate areas 24a and 24b and midcingulate areas 24aʹ and 24bʹ in the mouse,Brain Structure and Function,parser_miss,doi_landing:html,2,http://link.springer.com/content/pdf/10.1007/s00429-017-1585-x.pdf,https://doi.org/10.1007/s00429-017-1585-x
work_4b3bfeede41c04c0,10.1016/j.celrep.2016.02.057,Super-Resolution Mapping of Neuronal Circuitry With an Index-Optimized Clearing Agent.,Cell Reports,paywall_confirmed,direct_search:HTTP403,2,http://www.cell.com/article/S2211124716301784/pdf,https://doi.org/10.1016/j.celrep.2016.02.057
work_d17b4ee773b57bde,10.1111/epi.13133,Connectomics and graph theory analyses: Novel insights into network abnormalities in epilepsy,Epilepsia,paywall_confirmed,doi_landing:HTTP403,2,https://onlinelibrary.wiley.com/doi/pdf/10.1111/epi.13133,https://doi.org/10.1111/epi.13133
work_c33ff1707c3c1df6,10.1016/j.celrep.2015.01.034,The Secreted Protein C1QL1 and Its Receptor BAI3 Control the Synaptic Connectivity of Excitatory Inputs Converging on Cerebellar Purkinje Cells.,Cell Reports,parser_miss,doi_landing:html,2,https://univoak.eu/islandora/object/islandora%3A63956/datastream/PDF/view,https://doi.org/10.1016/j.celrep.2015.01.034
work_0c53b6e2719558ce,10.1016/j.neuroimage.2013.04.111,Visualizing the human connectome,NeuroImage,parser_miss,doi_landing:html,1,https://doi.org/10.1016/j.neuroimage.2013.04.111,https://doi.org/10.1016/j.neuroimage.2013.04.111
work_24db0b13f227c74f,10.1016/j.tins.2024.01.003,The emergence of multiscale connectomics-based approaches in stroke recovery.,Trends in Neurosciences,parser_miss,doi_landing:html,1,https://doi.org/10.1016/j.tins.2024.01.003,https://doi.org/10.1016/j.tins.2024.01.003
work_cdc13855d8ed503c,10.1126/science.adj9198,Whole-brain spatial organization of hippocampal single-neuron projectomes,Science,paywall_confirmed,doi_landing:HTTP403,2,https://www.science.org/doi/pdf/10.1126/science.adj9198,https://doi.org/10.1126/science.adj9198
work_87579702ea1165f6,10.1016/j.cub.2022.03.066,Connectome of the lamina reveals the circuit for early color processing in the visual pathway of a butterfly.,Current Biology,parser_miss,doi_landing:html,1,https://doi.org/10.1016/j.cub.2022.03.066,https://doi.org/10.1016/j.cub.2022.03.066
work_79a23415110e1412,10.1016/j.cub.2022.07.001,Systems neuroscience: Auditory processing at synaptic resolution.,Current Biology,parser_miss,doi_landing:html,1,https://doi.org/10.1016/j.cub.2022.07.001,https://doi.org/10.1016/j.cub.2022.07.001
work_d60ca2d1beaf845b,10.1111/j.1460-9568.2007.05924.x,Characterization and synaptic connectivity of melanopsin‐containing ganglion cells in the primate retina,European Journal of Neuroscience,paywall_confirmed,doi_landing:HTTP403,2,https://onlinelibrary.wiley.com/doi/pdf/10.1111/j.1460-9568.2007.05924.x,https://doi.org/10.1111/j.1460-9568.2007.05924.x
work_3ac7168aedad246c,10.1016/j.eplepsyres.2022.106916,Neuroimaging and thalamic connectomics in epilepsy neuromodulation.,Epilepsy Research,parser_miss,doi_landing:html,1,https://doi.org/10.1016/j.eplepsyres.2022.106916,https://doi.org/10.1016/j.eplepsyres.2022.106916
work_aebd692d3a9ff7ca,10.1016/j.biopsych.2021.07.010,Connectomic Deep Brain Stimulation for Obsessive-Compulsive Disorder.,Biological Psychiatry,parser_miss,doi_landing:html,1,https://doi.org/10.1016/j.biopsych.2021.07.010,https://doi.org/10.1016/j.biopsych.2021.07.010
work_14777efdec1861e5,10.1016/j.neulet.2021.136074,Quantitative skills in undergraduate neuroscience education in the age of big data.,Neuroscience Letters,parser_miss,doi_landing:html,1,https://doi.org/10.1016/j.neulet.2021.136074,https://doi.org/10.1016/j.neulet.2021.136074
work_ce404f1256e58715,10.1016/j.cortex.2018.09.025,The hippocampus of birds in a view of evolutionary connectomics.,Cortex; a journal devoted to the study of the nervous system and behavior,parser_miss,doi_landing:html,1,https://doi.org/10.1016/j.cortex.2018.09.025,https://doi.org/10.1016/j.cortex.2018.09.025
work_7c0dbfe2630320dd,10.1159/000488886,Comparative Primate Connectomics,"Brain, Behavior and Evolution",paywall_confirmed,doi_landing:HTTP403,2,https://www.karger.com/Article/Pdf/488886,https://doi.org/10.1159/000488886
work_59c99b603e8a4641,10.1093/jmicro/dfu102,Connectome of the fly visual circuitry.,Microscopy,paywall_confirmed,doi_landing:HTTP403,3,http://academic.oup.com/jmicro/article-pdf/64/1/37/8877074/dfu102.pdf,https://doi.org/10.1093/jmicro/dfu102
work_38787b35074da840,10.1093/jmicro/dfu112,Three-dimensional volume imaging with electron microscopy toward connectome.,Microscopy,paywall_confirmed,doi_landing:HTTP403,2,http://academic.oup.com/jmicro/article-pdf/64/1/17/8877504/dfu112.pdf,https://doi.org/10.1093/jmicro/dfu112
work_e72522d83aedc294,10.1016/j.neuron.2014.08.045,From cosmos to connectomes: the evolution of data-intensive science.,Neuron,parser_miss,doi_landing:html,2,http://www.cell.com/article/S0896627314007466/pdf,https://doi.org/10.1016/j.neuron.2014.08.045
work_0a6f89f17fb7c4a5,10.1016/j.neuroimage.2013.04.087,"Graph analysis of the human connectome: Promise, progress, and pitfalls",NeuroImage,parser_miss,doi_landing:html,1,https://doi.org/10.1016/j.neuroimage.2013.04.087,https://doi.org/10.1016/j.neuroimage.2013.04.087
work_092ab2e11895f53a,10.1007/s12021-011-9101-6,Neuronal Tracing for Connectomic Studies,Neuroinformatics,parser_miss,doi_landing:html,3,http://link.springer.com/content/pdf/10.1007/s12021-011-9101-6.pdf,https://doi.org/10.1007/s12021-011-9101-6
work_3ac30b4e3160787e,10.1016/j.jneumeth.2011.01.021,Reconstruction of complete connectivity matrix for connectomics by sampling neural connectivity with fluorescent synaptic markers.,Journal of Neuroscience Methods,parser_miss,doi_landing:html,1,https://doi.org/10.1016/j.jneumeth.2011.01.021,https://doi.org/10.1016/j.jneumeth.2011.01.021
work_7b173df5e3f0b797,10.1093/bioinformatics/btl224,Computational inference of the molecular logic for synaptic connectivity in C. elegans,Intelligent Systems in Molecular Biology,paywall_confirmed,doi_landing:HTTP403,2,https://academic.oup.com/bioinformatics/article-pdf/22/14/e497/48838709/bioinformatics_22_14_e497.pdf,https://doi.org/10.1093/bioinformatics/btl224
work_dd4a631420d19510,10.1002/cne.20804,Synaptic connectivity in the midget‐parvocellular pathway of primate central retina,The Journal of comparative neurology,paywall_confirmed,doi_landing:HTTP403,2,https://onlinelibrary.wiley.com/doi/pdf/10.1002/cne.20804,https://doi.org/10.1002/cne.20804
work_eb8b627996721a7c,10.1016/j.ymeth.2014.12.013,Neuroinformatics of the Allen Mouse Brain Connectivity Atlas.,Methods,parser_miss,doi_landing:html,1,https://doi.org/10.1016/j.ymeth.2014.12.013,https://doi.org/10.1016/j.ymeth.2014.12.013
work_6ab1a546945ea8a5,10.1016/j.neuroimage.2013.05.109,Connectomic approaches before the connectome,NeuroImage,parser_miss,doi_landing:html,1,https://doi.org/10.1016/j.neuroimage.2013.05.109,https://doi.org/10.1016/j.neuroimage.2013.05.109
work_7a4e052848e9ed49,10.1126/science.adg8828,Directed and acyclic synaptic connectivity in the human layer 2-3 cortical microcircuit,Science,parser_miss,doi_landing:html,2,https://www.science.org/doi/pdf/10.1126/science.adg8828,https://doi.org/10.1126/science.adg8828
work_13fda9927df18461,10.1146/annurev-neuro-111020-094019,Neural Control of Naturalistic Behavior Choices.,Annual Review of Neuroscience,parser_miss,doi_landing:html,1,https://doi.org/10.1146/annurev-neuro-111020-094019,https://doi.org/10.1146/annurev-neuro-111020-094019
work_bebd197ae07871b0,10.1103/physrevlett.133.138401,Geometric Scaling Law in Real Neuronal Networks.,Physical Review Letters,paywall_confirmed,doi_landing:HTTP403,1,https://doi.org/10.1103/physrevlett.133.138401,https://doi.org/10.1103/physrevlett.133.138401
work_b866698ca919a87c,10.1126/science.adg6757,"Structure, biophysics, and circuit function of a “giant” cortical presynaptic terminal",Science,parser_miss,doi_landing:html,2,https://www.science.org/doi/pdf/10.1126/science.adg6757,https://doi.org/10.1126/science.adg6757
work_6cd7e5cb19e5195e,10.1126/science.abl8519,Brain research challenges supercomputing,Science,parser_miss,doi_landing:html,2,https://www.science.org/doi/pdf/10.1126/science.abl8519,https://doi.org/10.1126/science.abl8519
work_d8903c75ab0f5c33,10.1016/j.jneumeth.2021.109066,Sequential Semi-supervised Segmentation for Serial Electron Microscopy Image with Small Number of Labels.,Journal of Neuroscience Methods,parser_miss,doi_landing:html,1,https://doi.org/10.1016/j.jneumeth.2021.109066,https://doi.org/10.1016/j.jneumeth.2021.109066
work_2e8cffa3e3b6ba52,10.1016/j.gde.2020.04.005,Activity regulates brain development in the fly.,Current Opinion in Genetics and Development,parser_miss,doi_landing:html,1,https://doi.org/10.1016/j.gde.2020.04.005,https://doi.org/10.1016/j.gde.2020.04.005
work_06e3942d0f902996,10.1111/ejn.15092,An ultrastructural connectomic analysis of a higher‐order thalamocortical circuit in the mouse,European Journal of Neuroscience,paywall_confirmed,doi_landing:HTTP403,2,https://onlinelibrary.wiley.com/doi/pdf/10.1111/ejn.15092,https://doi.org/10.1111/ejn.15092
work_58b0ab7aaaf040d3,10.1152/physrev.00019.2019,Neuronal circuits in barrel cortex for whisker sensory perception.,Physiological Reviews,paywall_confirmed,doi_landing:HTTP403,2,https://journals.physiology.org/doi/pdf/10.1152/physrev.00019.2019,https://doi.org/10.1152/physrev.00019.2019
work_e7676ec5b393ef86,10.1017/s1431927620001361,Sparse Scanning Electron Microscopy Data Acquisition and Deep Neural Networks for Automated Segmentation in Connectomics,Microscopy and Microanalysis,paywall_confirmed,doi_landing:HTTP403,1,https://doi.org/10.1017/s1431927620001361,https://doi.org/10.1017/s1431927620001361
work_eb960daf190dabc6,10.1016/j.neuroimage.2019.02.051,Inhibiting mGluR5 activity by AFQ056/Mavoglurant rescues circuit‐specific functional connectivity in Fmr1 knockout mice,NeuroImage,parser_miss,doi_landing:html,1,https://doi.org/10.1016/j.neuroimage.2019.02.051,https://doi.org/10.1016/j.neuroimage.2019.02.051
work_7a7ede8e181b212c,10.1016/j.neuron.2018.10.023,Segregated Subnetworks of Intracortical Projection Neurons in Primary Visual Cortex.,Neuron,parser_miss,doi_landing:html,1,https://doi.org/10.1016/j.neuron.2018.10.023,https://doi.org/10.1016/j.neuron.2018.10.023
work_75371f7313f33c66,10.1038/s41583-025-00998-z,Synaptic-resolution connectomics: towards large brains and connectomic screening,Nature Reviews Neuroscience,parser_miss,springer_esm_supplement_not_article,,,https://doi.org/10.1038/s41583-025-00998-z
work_9b23efa50c50392e,10.1007/s12021-019-09443-w,Diverse Community Structures in the Neuronal-Level Connectome of the Drosophila Brain,Neuroinformatics,parser_miss,springer_esm_supplement_not_article,,,https://doi.org/10.1007/s12021-019-09443-w
work_a5aafa50c460274e,10.1038/s41596-024-00957-5,"Modular segmentation, spatial analysis and visualization of volume electron microscopy datasets",Nature Protocols,parser_miss,springer_esm_supplement_not_article,,,https://doi.org/10.1038/s41596-024-00957-5
