a,b,reason,notes
work_415a4588248db885,work_fd10f72811149ab6,exact_title,tj=1.0; both_inclusive=True; Photoemission electron microscopy for connectomics <> Photoemission electron microscopy for connectomics
work_5195056df2e1ac52,work_765885bfc2367645,near_duplicate_title,tj=0.889; both_inclusive=True; High-throughput image alignment for connectomics using fruga <> High-Throughput Image Alignment for Connectomics using Fruga
work_8113f64b1f73cab5,work_fbb388f2bf949e98,preprint_near_miss,tj=0.9; both_inclusive=True; Rapid reconstruction of neural circuits using tissue expansi <> Rapid reconstruction of neural circuits using tissue expansi
work_1bae2d5ef9d946b4,work_6b02e0bfc896d222,preprint_near_miss,tj=0.889; both_inclusive=True; Light-microscopy-based connectomic reconstruction of mammali <> Light-microscopy based dense connectomic reconstruction of m
work_067df68ce507c51a,work_beeea6a851b4fed9,preprint_near_miss,tj=0.875; both_inclusive=True; SEQUIN multiscale imaging of mammalian central synapses reve <> SEQUIN multiscale imaging of mammalian central synapses reve
work_11cea989f9393837,work_f069030f2c4c92b6,preprint_near_miss,tj=0.875; both_inclusive=True; Electron Microscopy Sample Preparation Protocol Enabling Nan <> Sample preparation protocol enabling nano-to-mesoscopic mapp
work_288f739dc6052fba,work_71228bbacae77900,preprint_near_miss,tj=0.867; both_inclusive=True; Mapping brain-wide excitatory projectome of primate prefront <> Mapping brain-wide excitatory projectome of primate prefront
work_09199ea5f61eb458,work_2485ee1dcda00821,preprint_near_miss,tj=0.857; both_inclusive=True; Spatial and morphological organization of mitochondria in ne <> Spatial and morphological organization of mitochondria acros
work_cd0b5754cedee65a,work_fc13e114cf7d06ac,preprint_near_miss,tj=0.857; both_inclusive=True; Comparative connectomics of dauer reveals developmental plas <> Mind of a dauer: Comparative connectomics reveals developmen
work_34fc25940f548ef5,work_c53582f26bc149ef,preprint_near_miss,tj=0.846; both_inclusive=True; Reconstruction of a connectome of single neurons in mouse br <> Reconstruct a Connectome of Single Neurons in Mouse Brains b
work_4e2150beaf4899c9,work_e1c1c0111e3437e4,preprint_near_miss,"tj=0.846; both_inclusive=True; Genetic, Cellular, and Connectomic Characterization of the A <> NIMG-13. GENETIC, CELLULAR, AND CONNECTOMIC CHARACTERIZATION"
work_6922548bd6668b06,work_a91dd32f1e156d6b,preprint_near_miss,tj=0.846; both_inclusive=True; Symmetries and synchronization from whole-neural activity in <> Symmetries and synchronization from whole-neural activity in
work_6a4f0f39d4def518,work_d0d0574327b29c36,preprint_near_miss,tj=0.846; both_inclusive=True; 3D reconstruction of the cerebellar germinal layer reveals t <> 3D reconstruction of the cerebellar germinal layer reveals i
work_5b8a9817f078c45d,work_bd2ccf370cd8d95a,preprint_near_miss,tj=0.833; both_inclusive=True; High-throughput mapping of single-neuron projection and mole <> High-throughput mapping of single-neuron projection and mole
work_401c89a6385f9a3d,work_b65ed95337b7dc26,preprint_near_miss,tj=0.833; both_inclusive=True; Cell-type specific innervation of cortical pyramidal cells a <> Cell-type specific innervation of cortical pyramidal cells a
work_57740b7642ad74b1,work_988afa930dd686a5,preprint_near_miss,tj=0.818; both_inclusive=True; Center-surround interactions underlie bipolar cell motion se <> Center-surround interactions underlie bipolar cell motion se
work_40fc999a7afe7d1d,work_e94cc5e67a4cfa4e,preprint_near_miss,tj=0.8; both_inclusive=True; Prediction of a Cell-Class-Specific Mouse Mesoconnectome Usi <> Prediction of a cell-type specific mouse mesoconnectome usin
work_171372e1aa47365c,work_2fb4d7c6fc7d1a14,preprint_near_miss,tj=0.8; both_inclusive=True; Asymmetry in synaptic connectivity balances redundancy and r <> Asymmetry in synaptic connectivity balances redundancy and r
work_754bce12dda22d66,work_76f78823e1d94096,preprint_near_miss,"tj=0.8; both_inclusive=True; Hub connectivity, neuronal diversity, and gene expression in <> Hub connectivity, neuronal diversity, and gene expression in"
work_09cad265abcc12f6,work_57acd5b918a0ef71,preprint_near_miss,tj=0.8; both_inclusive=True; Circuit analysis of the Drosophila brain using connectivity- <> Circuit analysis of the Drosophila brain using connectivity-
work_12d8761a63328240,work_f5cd0f9a22de661a,preprint_near_miss,tj=0.778; both_inclusive=True; Social state alters vision using three circuit mechanisms in <> Social state gates vision using three circuit mechanisms in 
work_564cb966947b22a2,work_5b81fc91a6acd597,preprint_near_miss,tj=0.778; both_inclusive=True; Connectomes across development reveal principles of brain ma <> Connectomes across development reveal principles of brain ma
work_58ffc4aa95b9babd,work_b4123cdf49a2541d,preprint_near_miss,tj=0.778; both_inclusive=True; Fluorescence-Based Quantitative Synapse Analysis for Cell Ty <> Quantitative synapse analysis for cell-type specific connect
work_a381ff6a6d065982,work_ccefb6bc5c03ca1e,preprint_near_miss,tj=0.778; both_inclusive=True; Connectomic reconstruction of a female Drosophila ventral ne <> Tools for connectomic reconstruction and analysis of a femal
work_ad0e04ae179235d2,work_f378871fb09fedda,preprint_near_miss,tj=0.769; both_inclusive=True; A data-driven biology-based network model reproduces C. eleg <> A data-driven biophysical network model reproduces C. elegan
work_74fbfda1e48554b7,work_ba4c840d8621530a,preprint_near_miss,tj=0.75; both_inclusive=True; Synaptic and peptidergic connectome of a neurosecretory cent <> Synaptic and peptidergic connectome of a neurosecretory cent
work_750e9d67fef153c8,work_8b7e42dd0db5e95b,preprint_near_miss,tj=0.75; both_inclusive=True; Surface Optimisation Governs the Local Design of Physical Ne <> Surface optimization governs the local design of physical ne
work_31d4ff5b664b68cf,work_ba06be4ad07d832b,preprint_near_miss,tj=0.75; both_inclusive=True; Automatic Detection and Neurotransmitter Prediction of Synap <> Automatic classification and neurotransmitter prediction of 
work_552d850b28024e81,work_fe1a48095ec7ebca,preprint_near_miss,"tj=0.75; both_inclusive=True; BAcTrace, a tool for retrograde tracing of neuronal circuits <> BAcTrace a new tool for retrograde tracing of neuronal circu"
work_0f04ae9a977036ef,work_eda8bfb049f64e3d,preprint_near_miss,"tj=0.727; both_inclusive=True; Modular segmentation, spatial analysis and visualization of  <> Organelle-specific segmentation, spatial analysis, and visua"
work_3d9daf3ab214c7e3,work_eae005a0f4080def,preprint_near_miss,tj=0.714; both_inclusive=True; Generating an Executable Model of the Drosophila Central Com <> Generating Executable Models of the Drosophila Central Compl
work_7f98fa53f3d8805d,work_ad2245ba02976b6a,near_duplicate_title,tj=0.889; both_inclusive=False; Synaptic connectivity and neuronal morphology: two sides of  <> Viewpoint Synaptic Connectivity and Neuronal Morphology: Two
work_24d17db375924e69,work_fd6353a8d1e9547e,near_duplicate_title,tj=0.889; both_inclusive=False; Correction: Highly Nonrandom Features of Synaptic Connectivi <> Highly Nonrandom Features of Synaptic Connectivity in Local 
work_2839d159b329c51e,work_65baa7c7ae74d1b6,near_duplicate_title,tj=0.889; both_inclusive=False; Graph Matching Based Connectomic Biomarker with Learning for <> Correction to: Graph Matching Based Connectomic Biomarker wi
work_5b62afffb6dc9527,work_7bca0fc3690c4307,preprint_near_miss,tj=1.0; both_inclusive=False; Predicting MEG resting-state functional connectivity from mi <> Predicting MEG resting-state functional connectivity using m
work_29a46ffc83e815f5,work_97d760eb683a3346,preprint_near_miss,tj=1.0; both_inclusive=False; NeuroSC: Exploring Neurodevelopment via Spatiotemporal Colla <> Exploring neurodevelopment via spatiotemporal collation of a
work_738c9dabdcec74c6,work_f4a8d1f2134cc6fc,preprint_near_miss,"tj=0.929; both_inclusive=False; Effect of channel density, inverse solutions and connectivit <> Effect of channel density, inverse solutions and connectivit"
work_099a7f3c1eee07e6,work_3b9bbf1765187fe9,preprint_near_miss,tj=0.917; both_inclusive=False; Basis profile curve identification to understand electrical  <> 19233 Basis profile curve identification to understand elect
work_2ed1b4217bd49c80,work_7b51f5706fb6b5eb,preprint_near_miss,tj=0.9; both_inclusive=False; Sex-dependent effect of amyloidosis on functional network ‘h <> Sex-dependent effects of amyloidosis on functional network h
work_02e871c04073db49,work_c94511882440c1fb,preprint_near_miss,tj=0.9; both_inclusive=False; Analysis of structural network topology alterations in autis <> Analysis of Structural Brain Network Topology Alterations in
work_97642d6405e6b9f7,work_9c39732e07985a6f,preprint_near_miss,tj=0.9; both_inclusive=False; The Developing Human Connectome Project: typical and disrupt <> Erratum to: The Developing Human Connectome Project: typical
work_9b19cf10afc82f84,work_c9f11c6df43f6119,preprint_near_miss,tj=0.9; both_inclusive=False; Graph neural fields: A framework for spatiotemporal dynamica <> Correction: Graph neural fields: A framework for spatiotempo
work_44c3f972a4d4f45c,work_beea6d7ff3d97db0,preprint_near_miss,tj=0.9; both_inclusive=False; Non-Negative Data-Driven Mapping of Structural Connections w <> Non-Negative Data-Driven Mapping of Structural Connections i
work_3d0ac282b0b4a220,work_502f3fcda5afe2ef,preprint_near_miss,tj=0.895; both_inclusive=False; Exercise alters cortico-basal ganglia network metabolic conn <> Exercise alters cortico-basal ganglia network functional con
work_52b580bc3bd18b49,work_ace02ef06d00390d,preprint_near_miss,tj=0.889; both_inclusive=False; Combinatorial expression of γ-protocadherins regulates synap <> Combinatorial expression of gamma-protocadherins regulates s
work_348b9c594edf6938,work_780f5506d30b365c,preprint_near_miss,tj=0.889; both_inclusive=False; Latent disconnectome prediction of long-term cognitive sympt <> Latent disconnectome prediction of long-term cognitive-behav
work_0da2a144ea2516ee,work_f3534e571d79cff0,preprint_near_miss,tj=0.875; both_inclusive=False; Self-Organization of Microcircuits in Networks of Spiking Ne <> Self-organization of microcircuits in networks of neurons wi
work_49e33bc085bf8886,work_c7040986681b0037,preprint_near_miss,tj=0.875; both_inclusive=False; Optimally controlling the human connectome: the role of netw <> Supplement to : Optimally controlling the human connectome :
work_0159d70a05ed78c5,work_b822d82eebbd423f,preprint_near_miss,tj=0.833; both_inclusive=False; Connectome embedding in multidimensional graph spaces <> Connectome embedding in multidimensional graph-invariant spa
work_21172651321be0c9,work_990d7d6abfa17e5a,preprint_near_miss,tj=0.8; both_inclusive=False; Transforming FIB-SEM Systems for Large-Volume Connectomics a <> Enabling FIB-SEM Systems for Large Volume Connectomics and C
work_a9583f7c336fa5ea,work_fb6bd7635bf81856,preprint_near_miss,"tj=0.8; both_inclusive=False; A multi-modal, asymmetric, weighted, and signed description  <> Redefining the connectome: A multi-modal, asymmetric, weight"
work_2e7057c9bdb34818,work_4383cd87e4a9f214,preprint_near_miss,tj=0.769; both_inclusive=False; Bisected graph matching improves automated pairing of bilate <> Supplemental Information: Bisected graph matching improves a
work_aa4ac55bf3d997c2,work_aa4ac55bf3d997c2,exact_title (strays pass find),duplicate of Abbott 2020 (P9) canonical record
